site_no,date,water_level_ft,site_name,nation,year,month
430027102311801,2001-10-02 17:00:00+00:00,38.12,35N44W17DBCA (OST Shallow North well),Oglala Lakota,2001,10
430027102311801,2021-03-23 20:00:00+00:00,41.54,35N44W17DBCA (OST Shallow North well),Oglala Lakota,2021,3
430027102311801,2000-07-25 14:00:00+00:00,38.82,35N44W17DBCA (OST Shallow North well),Oglala Lakota,2000,7
430027102311801,2021-08-12 17:42:00+00:00,42.04,35N44W17DBCA (OST Shallow North well),Oglala Lakota,2021,8
430027102311801,2024-04-03 20:03:00+00:00,44.7,35N44W17DBCA (OST Shallow North well),Oglala Lakota,2024,4
430027102311801,2007-07-03 17:50:00+00:00,43.12,35N44W17DBCA (OST Shallow North well),Oglala Lakota,2007,7
430027102311801,2013-02-28 15:45:00+00:00,42.41,35N44W17DBCA (OST Shallow North well),Oglala Lakota,2013,2
430027102311801,2007-09-13 19:50:00+00:00,43.34,35N44W17DBCA (OST Shallow North well),Oglala Lakota,2007,9
430027102311801,1990-05-14 22:00:00+00:00,42.8,35N44W17DBCA (OST Shallow North well),Oglala Lakota,1990,5
430027102311801,1989-06-08 15:25:00+00:00,43.01,35N44W17DBCA (OST Shallow North well),Oglala Lakota,1989,6
430027102311801,2021-05-05 15:12:00+00:00,41.68,35N44W17DBCA (OST Shallow North well),Oglala Lakota,2021,5
430027102311801,2020-06-01 18:06:00+00:00,41.16,35N44W17DBCA (OST Shallow North well),Oglala Lakota,2020,6
430027102311801,1990-10-18 15:10:00+00:00,42.85,35N44W17DBCA (OST Shallow North well),Oglala Lakota,1990,10
430027102311801,2018-01-17 18:55:00+00:00,39.51,35N44W17DBCA (OST Shallow North well),Oglala Lakota,2018,1
430027102311801,2009-08-07 15:50:00+00:00,44.18,35N44W17DBCA (OST Shallow North well),Oglala Lakota,2009,8
430027102311801,2008-06-24 20:00:00+00:00,43.51,35N44W17DBCA (OST Shallow North well),Oglala Lakota,2008,6
430027102311801,2011-11-28 20:00:00+00:00,42.17,35N44W17DBCA (OST Shallow North well),Oglala Lakota,2011,11
430027102311801,1990-08-06 23:10:00+00:00,42.81,35N44W17DBCA (OST Shallow North well),Oglala Lakota,1990,8
430027102311801,1995-03-15 15:00:00+00:00,42.74,35N44W17DBCA (OST Shallow North well),Oglala Lakota,1995,3
430027102311801,1999-04-13 15:15:00+00:00,40.55,35N44W17DBCA (OST Shallow North well),Oglala Lakota,1999,4
430027102311801,1991-01-22 20:57:00+00:00,42.83,35N44W17DBCA (OST Shallow North well),Oglala Lakota,1991,1
430027102311801,1998-04-13 18:15:00+00:00,41.28,35N44W17DBCA (OST Shallow North well),Oglala Lakota,1998,4
430027102311801,2022-08-24 21:50:00+00:00,43.49,35N44W17DBCA (OST Shallow North well),Oglala Lakota,2022,8
430027102311801,1997-03-25 18:35:00+00:00,42.02,35N44W17DBCA (OST Shallow North well),Oglala Lakota,1997,3
430027102311801,2026-05-19 21:16:00+00:00,46.4,35N44W17DBCA (OST Shallow North well),Oglala Lakota,2026,5
430027102311801,2008-01-07 22:25:00+00:00,43.24,35N44W17DBCA (OST Shallow North well),Oglala Lakota,2008,1
430027102311801,2004-04-06 15:55:00+00:00,39.51,35N44W17DBCA (OST Shallow North well),Oglala Lakota,2004,4
430027102311801,1998-01-21 21:36:00+00:00,41.47,35N44W17DBCA (OST Shallow North well),Oglala Lakota,1998,1
430027102311801,2018-11-02 15:11:00+00:00,40.14,35N44W17DBCA (OST Shallow North well),Oglala Lakota,2018,11
430027102311801,1993-01-06 15:45:00+00:00,42.99,35N44W17DBCA (OST Shallow North well),Oglala Lakota,1993,1
430027102311801,2001-05-08 18:10:00+00:00,37.99,35N44W17DBCA (OST Shallow North well),Oglala Lakota,2001,5
430027102311801,2009-03-19 18:55:00+00:00,44.0,35N44W17DBCA (OST Shallow North well),Oglala Lakota,2009,3
430027102311801,1987-10-21 12:00:00+00:00,44.3,35N44W17DBCA (OST Shallow North well),Oglala Lakota,1987,10
430027102311801,2010-07-01 16:00:00+00:00,43.26,35N44W17DBCA (OST Shallow North well),Oglala Lakota,2010,7
430027102311801,2006-08-22 14:40:00+00:00,42.5,35N44W17DBCA (OST Shallow North well),Oglala Lakota,2006,8
430027102311801,2020-12-18 17:15:00+00:00,41.38,35N44W17DBCA (OST Shallow North well),Oglala Lakota,2020,12
430027102311801,1999-10-06 16:40:00+00:00,39.94,35N44W17DBCA (OST Shallow North well),Oglala Lakota,1999,10
430027102311801,1987-10-25 12:00:00+00:00,43.86,35N44W17DBCA (OST Shallow North well),Oglala Lakota,1987,10
430027102311801,1987-09-17 12:00:00+00:00,43.77,35N44W17DBCA (OST Shallow North well),Oglala Lakota,1987,9
430027102311801,1989-08-21 20:30:00+00:00,42.87,35N44W17DBCA (OST Shallow North well),Oglala Lakota,1989,8
430027102311801,1993-10-05 17:30:00+00:00,42.88,35N44W17DBCA (OST Shallow North well),Oglala Lakota,1993,10
430027102311801,2003-05-20 16:50:00+00:00,39.21,35N44W17DBCA (OST Shallow North well),Oglala Lakota,2003,5
430027102311801,2005-04-05 16:25:00+00:00,40.3,35N44W17DBCA (OST Shallow North well),Oglala Lakota,2005,4
430027102311801,2018-09-13 14:45:00+00:00,40.11,35N44W17DBCA (OST Shallow North well),Oglala Lakota,2018,9
430027102311801,2016-03-15 19:10:00+00:00,39.55,35N44W17DBCA (OST Shallow North well),Oglala Lakota,2016,3
430027102311801,2019-08-20 19:11:00+00:00,41.2,35N44W17DBCA (OST Shallow North well),Oglala Lakota,2019,8
430027102311801,2023-04-19 19:43:00+00:00,44.0,35N44W17DBCA (OST Shallow North well),Oglala Lakota,2023,4
430027102311801,2008-08-20 19:00:00+00:00,43.72,35N44W17DBCA (OST Shallow North well),Oglala Lakota,2008,8
430027102311801,2015-04-29 19:00:00+00:00,42.56,35N44W17DBCA (OST Shallow North well),Oglala Lakota,2015,4
430027102311801,2023-11-03 16:23:00+00:00,44.39,35N44W17DBCA (OST Shallow North well),Oglala Lakota,2023,11
430027102311801,1996-01-10 14:40:00+00:00,42.58,35N44W17DBCA (OST Shallow North well),Oglala Lakota,1996,1
430027102311801,2007-07-11 22:20:00+00:00,43.18,35N44W17DBCA (OST Shallow North well),Oglala Lakota,2007,7
430027102311801,2024-06-26 21:18:00+00:00,44.86,35N44W17DBCA (OST Shallow North well),Oglala Lakota,2024,6
430027102311801,2010-09-02 15:00:00+00:00,43.13,35N44W17DBCA (OST Shallow North well),Oglala Lakota,2010,9
430027102311801,2017-09-19 17:00:00+00:00,39.52,35N44W17DBCA (OST Shallow North well),Oglala Lakota,2017,9
430027102311801,2010-11-16 14:42:00+00:00,42.84,35N44W17DBCA (OST Shallow North well),Oglala Lakota,2010,11
430027102311801,1991-03-19 21:15:00+00:00,42.79,35N44W17DBCA (OST Shallow North well),Oglala Lakota,1991,3
430027102311801,2022-04-15 14:07:00+00:00,42.92,35N44W17DBCA (OST Shallow North well),Oglala Lakota,2022,4
430027102311801,1993-04-14 15:10:00+00:00,42.97,35N44W17DBCA (OST Shallow North well),Oglala Lakota,1993,4
430027102311801,2023-12-20 14:50:00+00:00,44.48,35N44W17DBCA (OST Shallow North well),Oglala Lakota,2023,12
430027102311801,1992-04-08 17:47:00+00:00,42.97,35N44W17DBCA (OST Shallow North well),Oglala Lakota,1992,4
430027102311801,1998-10-14 20:10:00+00:00,41.01,35N44W17DBCA (OST Shallow North well),Oglala Lakota,1998,10
430027102311801,2005-06-29 17:15:00+00:00,40.58,35N44W17DBCA (OST Shallow North well),Oglala Lakota,2005,6
430027102311801,2010-10-05 14:40:00+00:00,42.99,35N44W17DBCA (OST Shallow North well),Oglala Lakota,2010,10
430027102311801,2024-02-23 15:13:00+00:00,44.67,35N44W17DBCA (OST Shallow North well),Oglala Lakota,2024,2
430027102311801,2022-05-19 15:16:00+00:00,42.44,35N44W17DBCA (OST Shallow North well),Oglala Lakota,2022,5
430027102311801,2009-10-20 21:10:00+00:00,44.04,35N44W17DBCA (OST Shallow North well),Oglala Lakota,2009,10
430027102311801,2019-06-13 16:06:00+00:00,40.96,35N44W17DBCA (OST Shallow North well),Oglala Lakota,2019,6
430027102311801,2015-07-01 19:27:00+00:00,42.31,35N44W17DBCA (OST Shallow North well),Oglala Lakota,2015,7
430027102311801,1994-10-05 17:50:00+00:00,42.64,35N44W17DBCA (OST Shallow North well),Oglala Lakota,1994,10
430027102311801,1991-10-09 17:10:00+00:00,42.97,35N44W17DBCA (OST Shallow North well),Oglala Lakota,1991,10
430027102311801,1988-05-26 12:00:00+00:00,42.93,35N44W17DBCA (OST Shallow North well),Oglala Lakota,1988,5
430027102311801,2011-10-07 17:43:00+00:00,42.2,35N44W17DBCA (OST Shallow North well),Oglala Lakota,2011,10
430027102311801,2003-10-07 16:20:00+00:00,39.42,35N44W17DBCA (OST Shallow North well),Oglala Lakota,2003,10
430027102311801,2011-04-11 19:57:00+00:00,42.5,35N44W17DBCA (OST Shallow North well),Oglala Lakota,2011,4
430027102311801,1993-07-13 15:15:00+00:00,42.95,35N44W17DBCA (OST Shallow North well),Oglala Lakota,1993,7
430027102311801,1993-12-01 18:10:00+00:00,42.89,35N44W17DBCA (OST Shallow North well),Oglala Lakota,1993,12
430027102311801,2014-10-08 17:52:00+00:00,43.43,35N44W17DBCA (OST Shallow North well),Oglala Lakota,2014,10
430027102311801,1988-06-22 12:00:00+00:00,43.09,35N44W17DBCA (OST Shallow North well),Oglala Lakota,1988,6
430027102311801,2006-01-10 21:10:00+00:00,41.22,35N44W17DBCA (OST Shallow North well),Oglala Lakota,2006,1
430027102311801,1994-06-28 17:30:00+00:00,42.78,35N44W17DBCA (OST Shallow North well),Oglala Lakota,1994,6
430027102311801,2008-07-31 17:00:00+00:00,43.68,35N44W17DBCA (OST Shallow North well),Oglala Lakota,2008,7
430027102311801,2021-10-26 18:44:00+00:00,42.02,35N44W17DBCA (OST Shallow North well),Oglala Lakota,2021,10
430027102311801,1992-06-25 18:55:00+00:00,42.99,35N44W17DBCA (OST Shallow North well),Oglala Lakota,1992,6
430027102311801,1999-12-28 18:35:00+00:00,39.22,35N44W17DBCA (OST Shallow North well),Oglala Lakota,1999,12
430027102311801,1988-07-22 12:00:00+00:00,42.94,35N44W17DBCA (OST Shallow North well),Oglala Lakota,1988,7
430027102311801,2025-11-24 21:40:00+00:00,45.93,35N44W17DBCA (OST Shallow North well),Oglala Lakota,2025,11
430027102311801,1992-10-08 16:20:00+00:00,42.95,35N44W17DBCA (OST Shallow North well),Oglala Lakota,1992,10
430027102311801,2023-09-15 14:04:00+00:00,44.39,35N44W17DBCA (OST Shallow North well),Oglala Lakota,2023,9
430027102311801,2007-10-05 17:40:00+00:00,43.23,35N44W17DBCA (OST Shallow North well),Oglala Lakota,2007,10
430027102311801,1987-10-29 12:00:00+00:00,43.66,35N44W17DBCA (OST Shallow North well),Oglala Lakota,1987,10
430027102311801,1988-02-11 12:00:00+00:00,42.95,35N44W17DBCA (OST Shallow North well),Oglala Lakota,1988,2
430027102311801,2004-06-15 21:00:00+00:00,39.55,35N44W17DBCA (OST Shallow North well),Oglala Lakota,2004,6
430027102311801,1990-03-13 21:55:00+00:00,42.8,35N44W17DBCA (OST Shallow North well),Oglala Lakota,1990,3
430027102311801,2020-06-24 17:22:00+00:00,41.25,35N44W17DBCA (OST Shallow North well),Oglala Lakota,2020,6
430027102311801,2005-10-14 15:15:00+00:00,41.28,35N44W17DBCA (OST Shallow North well),Oglala Lakota,2005,10
430027102311801,2016-09-01 19:00:00+00:00,39.52,35N44W17DBCA (OST Shallow North well),Oglala Lakota,2016,9
430027102311801,1988-06-14 12:00:00+00:00,43.28,35N44W17DBCA (OST Shallow North well),Oglala Lakota,1988,6
430027102311801,2018-04-24 18:29:00+00:00,40.0,35N44W17DBCA (OST Shallow North well),Oglala Lakota,2018,4
430027102311801,2007-05-23 16:55:00+00:00,42.9,35N44W17DBCA (OST Shallow North well),Oglala Lakota,2007,5
430027102311801,1987-09-18 12:00:00+00:00,43.42,35N44W17DBCA (OST Shallow North well),Oglala Lakota,1987,9
430027102311801,1987-12-16 12:00:00+00:00,42.05,35N44W17DBCA (OST Shallow North well),Oglala Lakota,1987,12
430027102311801,2000-03-24 15:35:00+00:00,38.84,35N44W17DBCA (OST Shallow North well),Oglala Lakota,2000,3
430027102311801,2015-12-11 17:15:00+00:00,40.12,35N44W17DBCA (OST Shallow North well),Oglala Lakota,2015,12
430027102311801,2004-06-08 17:35:00+00:00,39.53,35N44W17DBCA (OST Shallow North well),Oglala Lakota,2004,6
430027102311801,2016-10-21 15:00:00+00:00,39.41,35N44W17DBCA (OST Shallow North well),Oglala Lakota,2016,10
430027102311801,2006-10-12 18:50:00+00:00,42.37,35N44W17DBCA (OST Shallow North well),Oglala Lakota,2006,10
430027102311801,1987-10-11 12:00:00+00:00,43.33,35N44W17DBCA (OST Shallow North well),Oglala Lakota,1987,10
430027102311801,2014-02-26 17:05:00+00:00,43.25,35N44W17DBCA (OST Shallow North well),Oglala Lakota,2014,2
430027102311801,1988-03-15 12:00:00+00:00,42.95,35N44W17DBCA (OST Shallow North well),Oglala Lakota,1988,3
430027102311801,1987-10-09 12:00:00+00:00,43.49,35N44W17DBCA (OST Shallow North well),Oglala Lakota,1987,10
430027102311801,1996-10-02 17:35:00+00:00,42.4,35N44W17DBCA (OST Shallow North well),Oglala Lakota,1996,10
430027102311801,2008-04-14 19:00:00+00:00,43.37,35N44W17DBCA (OST Shallow North well),Oglala Lakota,2008,4
430027102311801,2024-10-08 19:04:00+00:00,45.11,35N44W17DBCA (OST Shallow North well),Oglala Lakota,2024,10
430027102311801,1997-10-09 14:40:00+00:00,41.77,35N44W17DBCA (OST Shallow North well),Oglala Lakota,1997,10
430027102311801,2012-10-16 17:31:00+00:00,42.28,35N44W17DBCA (OST Shallow North well),Oglala Lakota,2012,10
430027102311801,1987-10-01 12:00:00+00:00,43.3,35N44W17DBCA (OST Shallow North well),Oglala Lakota,1987,10
430027102311801,2002-10-08 17:25:00+00:00,39.98,35N44W17DBCA (OST Shallow North well),Oglala Lakota,2002,10
430027102311801,2007-08-02 18:15:00+00:00,43.28,35N44W17DBCA (OST Shallow North well),Oglala Lakota,2007,8
430027102311801,2018-12-11 22:11:00+00:00,40.07,35N44W17DBCA (OST Shallow North well),Oglala Lakota,2018,12
430027102311801,2021-07-26 17:04:00+00:00,41.96,35N44W17DBCA (OST Shallow North well),Oglala Lakota,2021,7
430027102311801,2019-12-10 22:49:00+00:00,41.16,35N44W17DBCA (OST Shallow North well),Oglala Lakota,2019,12
430027102311801,1991-05-22 19:40:00+00:00,42.88,35N44W17DBCA (OST Shallow North well),Oglala Lakota,1991,5
430027102311801,2009-05-28 22:30:00+00:00,44.12,35N44W17DBCA (OST Shallow North well),Oglala Lakota,2009,5
430027102311801,2015-08-12 19:20:00+00:00,42.04,35N44W17DBCA (OST Shallow North well),Oglala Lakota,2015,8
430027102311801,2007-09-12 16:55:00+00:00,43.26,35N44W17DBCA (OST Shallow North well),Oglala Lakota,2007,9
430027102311801,2012-06-29 17:05:00+00:00,42.16,35N44W17DBCA (OST Shallow North well),Oglala Lakota,2012,6
430027102311801,2003-12-30 17:10:00+00:00,39.36,35N44W17DBCA (OST Shallow North well),Oglala Lakota,2003,12
430027102311801,2025-04-10 16:34:00+00:00,45.5,35N44W17DBCA (OST Shallow North well),Oglala Lakota,2025,4
430027102311801,2026-03-10 20:30:00+00:00,46.23,35N44W17DBCA (OST Shallow North well),Oglala Lakota,2026,3
430027102311801,2025-08-06 16:35:00+00:00,45.78,35N44W17DBCA (OST Shallow North well),Oglala Lakota,2025,8
430027102311801,1991-07-30 18:30:00+00:00,42.9,35N44W17DBCA (OST Shallow North well),Oglala Lakota,1991,7
430027102311801,2008-05-15 20:00:00+00:00,43.32,35N44W17DBCA (OST Shallow North well),Oglala Lakota,2008,5
430027102311801,1991-04-16 19:10:00+00:00,42.9,35N44W17DBCA (OST Shallow North well),Oglala Lakota,1991,4
430027102311801,2013-06-25 16:46:00+00:00,42.34,35N44W17DBCA (OST Shallow North well),Oglala Lakota,2013,6
430027102311801,2007-11-06 19:05:00+00:00,43.3,35N44W17DBCA (OST Shallow North well),Oglala Lakota,2007,11
430027102311801,1997-07-07 15:40:00+00:00,41.86,35N44W17DBCA (OST Shallow North well),Oglala Lakota,1997,7
430027102311801,2022-10-19 21:47:00+00:00,43.57,35N44W17DBCA (OST Shallow North well),Oglala Lakota,2022,10
430027102311801,1991-09-11 18:20:00+00:00,42.91,35N44W17DBCA (OST Shallow North well),Oglala Lakota,1991,9
430027102311801,2023-05-17 19:55:00+00:00,44.01,35N44W17DBCA (OST Shallow North well),Oglala Lakota,2023,5
430027102311801,1996-07-16 17:30:00+00:00,42.36,35N44W17DBCA (OST Shallow North well),Oglala Lakota,1996,7
430027102311801,2015-10-07 21:30:00+00:00,41.1,35N44W17DBCA (OST Shallow North well),Oglala Lakota,2015,10
430027102311801,1998-07-21 19:30:00+00:00,41.06,35N44W17DBCA (OST Shallow North well),Oglala Lakota,1998,7
430027102311801,1990-12-06 21:00:00+00:00,42.88,35N44W17DBCA (OST Shallow North well),Oglala Lakota,1990,12
430027102311801,2016-06-15 22:15:00+00:00,39.39,35N44W17DBCA (OST Shallow North well),Oglala Lakota,2016,6
430027102311801,2007-02-27 18:20:00+00:00,42.5,35N44W17DBCA (OST Shallow North well),Oglala Lakota,2007,2
430027102311801,2018-06-12 14:41:00+00:00,40.0,35N44W17DBCA (OST Shallow North well),Oglala Lakota,2018,6
430027102311801,2000-06-16 17:40:00+00:00,38.82,35N44W17DBCA (OST Shallow North well),Oglala Lakota,2000,6
430027102311801,2025-02-11 22:30:00+00:00,45.3,35N44W17DBCA (OST Shallow North well),Oglala Lakota,2025,2
430027102311801,1995-10-11 21:00:00+00:00,42.65,35N44W17DBCA (OST Shallow North well),Oglala Lakota,1995,10
430027102311801,2000-10-17 16:10:00+00:00,38.39,35N44W17DBCA (OST Shallow North well),Oglala Lakota,2000,10
430027102311801,2017-01-11 15:00:00+00:00,39.08,35N44W17DBCA (OST Shallow North well),Oglala Lakota,2017,1
430027102311801,2010-07-27 16:12:00+00:00,43.15,35N44W17DBCA (OST Shallow North well),Oglala Lakota,2010,7
430027102311801,1987-09-21 12:00:00+00:00,43.0,35N44W17DBCA (OST Shallow North well),Oglala Lakota,1987,9
430027102311801,2023-07-26 21:20:00+00:00,44.22,35N44W17DBCA (OST Shallow North well),Oglala Lakota,2023,7
430027102311801,2002-08-27 15:10:00+00:00,38.9,35N44W17DBCA (OST Shallow North well),Oglala Lakota,2002,8
430027102311801,1992-05-20 17:45:00+00:00,42.93,35N44W17DBCA (OST Shallow North well),Oglala Lakota,1992,5
430027102311801,2017-09-06 19:08:00+00:00,39.65,35N44W17DBCA (OST Shallow North well),Oglala Lakota,2017,9
430027102311801,1998-12-04 21:50:00+00:00,40.87,35N44W17DBCA (OST Shallow North well),Oglala Lakota,1998,12
430027102311801,1988-07-01 12:00:00+00:00,43.09,35N44W17DBCA (OST Shallow North well),Oglala Lakota,1988,7
430027102311801,1988-07-11 12:00:00+00:00,43.04,35N44W17DBCA (OST Shallow North well),Oglala Lakota,1988,7
430027102311801,2014-11-08 17:25:00+00:00,43.28,35N44W17DBCA (OST Shallow North well),Oglala Lakota,2014,11
430027102311801,2001-01-23 18:30:00+00:00,37.91,35N44W17DBCA (OST Shallow North well),Oglala Lakota,2001,1
430027102311801,1999-02-23 18:45:00+00:00,40.71,35N44W17DBCA (OST Shallow North well),Oglala Lakota,1999,2
430027102311801,2020-10-22 17:51:00+00:00,41.32,35N44W17DBCA (OST Shallow North well),Oglala Lakota,2020,10
430027102311801,2013-11-06 16:25:00+00:00,42.92,35N44W17DBCA (OST Shallow North well),Oglala Lakota,2013,11
430027102311801,1994-03-23 14:50:00+00:00,42.82,35N44W17DBCA (OST Shallow North well),Oglala Lakota,1994,3
430027102311801,2017-10-27 18:00:00+00:00,39.67,35N44W17DBCA (OST Shallow North well),Oglala Lakota,2017,10
430027102311801,2019-02-08 20:40:00+00:00,40.36,35N44W17DBCA (OST Shallow North well),Oglala Lakota,2019,2
430027102311801,2009-08-06 16:55:00+00:00,44.2,35N44W17DBCA (OST Shallow North well),Oglala Lakota,2009,8
430027102311801,2004-05-18 16:01:00+00:00,39.57,35N44W17DBCA (OST Shallow North well),Oglala Lakota,2004,5
430027102311801,1990-09-17 17:45:00+00:00,42.79,35N44W17DBCA (OST Shallow North well),Oglala Lakota,1990,9
430027102311801,2008-10-16 16:00:00+00:00,43.7,35N44W17DBCA (OST Shallow North well),Oglala Lakota,2008,10
430027102311801,1993-09-10 15:30:00+00:00,42.95,35N44W17DBCA (OST Shallow North well),Oglala Lakota,1993,9
430027102311801,2017-07-11 18:00:00+00:00,39.45,35N44W17DBCA (OST Shallow North well),Oglala Lakota,2017,7
430027102311801,1988-05-13 12:00:00+00:00,42.85,35N44W17DBCA (OST Shallow North well),Oglala Lakota,1988,5
430027102311801,2019-04-23 20:42:00+00:00,40.77,35N44W17DBCA (OST Shallow North well),Oglala Lakota,2019,4
430027102311801,2010-09-07 18:00:00+00:00,43.12,35N44W17DBCA (OST Shallow North well),Oglala Lakota,2010,9
430027102311801,1988-05-27 12:00:00+00:00,42.87,35N44W17DBCA (OST Shallow North well),Oglala Lakota,1988,5
430027102311801,1994-12-13 18:10:00+00:00,42.89,35N44W17DBCA (OST Shallow North well),Oglala Lakota,1994,12
430027102311801,1991-06-18 18:45:00+00:00,42.92,35N44W17DBCA (OST Shallow North well),Oglala Lakota,1991,6
430027102311801,1987-10-12 12:00:00+00:00,43.31,35N44W17DBCA (OST Shallow North well),Oglala Lakota,1987,10
430027102311801,1990-07-10 20:20:00+00:00,42.85,35N44W17DBCA (OST Shallow North well),Oglala Lakota,1990,7
430027102311801,1989-07-12 17:30:00+00:00,42.97,35N44W17DBCA (OST Shallow North well),Oglala Lakota,1989,7
430027102311801,1989-09-27 21:30:00+00:00,42.82,35N44W17DBCA (OST Shallow North well),Oglala Lakota,1989,9
430027102311801,1992-08-19 17:40:00+00:00,42.95,35N44W17DBCA (OST Shallow North well),Oglala Lakota,1992,8
430027102311801,1988-04-13 12:00:00+00:00,42.83,35N44W17DBCA (OST Shallow North well),Oglala Lakota,1988,4
430027102311801,2022-02-11 18:40:00+00:00,42.54,35N44W17DBCA (OST Shallow North well),Oglala Lakota,2022,2
430027102311801,2024-05-10 20:29:00+00:00,44.76,35N44W17DBCA (OST Shallow North well),Oglala Lakota,2024,5
430027102311801,2002-02-28 15:37:00+00:00,38.29,35N44W17DBCA (OST Shallow North well),Oglala Lakota,2002,2
430027102311801,1996-04-24 18:30:00+00:00,42.38,35N44W17DBCA (OST Shallow North well),Oglala Lakota,1996,4
430027102311801,2009-07-08 14:50:00+00:00,44.14,35N44W17DBCA (OST Shallow North well),Oglala Lakota,2009,7
430027102311801,2004-08-17 15:40:00+00:00,39.81,35N44W17DBCA (OST Shallow North well),Oglala Lakota,2004,8
430027102311801,2022-07-20 21:39:00+00:00,43.35,35N44W17DBCA (OST Shallow North well),Oglala Lakota,2022,7
430027102311801,2007-04-11 17:25:00+00:00,42.69,35N44W17DBCA (OST Shallow North well),Oglala Lakota,2007,4
430027102311801,2020-08-24 23:07:00+00:00,41.31,35N44W17DBCA (OST Shallow North well),Oglala Lakota,2020,8
430027102311801,1988-01-07 12:00:00+00:00,43.1,35N44W17DBCA (OST Shallow North well),Oglala Lakota,1988,1
430027102311801,2021-12-07 15:00:00+00:00,42.15,35N44W17DBCA (OST Shallow North well),Oglala Lakota,2021,12
430027102311801,1989-06-07 21:01:00+00:00,43.01,35N44W17DBCA (OST Shallow North well),Oglala Lakota,1989,6
430027102311801,1988-06-29 12:00:00+00:00,43.08,35N44W17DBCA (OST Shallow North well),Oglala Lakota,1988,6
430027102311801,2018-07-18 18:37:00+00:00,40.0,35N44W17DBCA (OST Shallow North well),Oglala Lakota,2018,7
430027102311801,2009-11-19 22:50:00+00:00,44.03,35N44W17DBCA (OST Shallow North well),Oglala Lakota,2009,11
430027102311801,2015-03-09 22:00:00+00:00,42.71,35N44W17DBCA (OST Shallow North well),Oglala Lakota,2015,3
430027102311801,1992-01-09 15:45:00+00:00,42.98,35N44W17DBCA (OST Shallow North well),Oglala Lakota,1992,1
430027102311801,1995-08-30 17:05:00+00:00,42.71,35N44W17DBCA (OST Shallow North well),Oglala Lakota,1995,8
430027102311801,1987-10-22 12:00:00+00:00,44.18,35N44W17DBCA (OST Shallow North well),Oglala Lakota,1987,10
430027102311801,1988-06-09 12:00:00+00:00,43.41,35N44W17DBCA (OST Shallow North well),Oglala Lakota,1988,6
430027102311801,1997-01-08 15:10:00+00:00,42.16,35N44W17DBCA (OST Shallow North well),Oglala Lakota,1997,1
430027102311801,1995-06-13 18:15:00+00:00,42.7,35N44W17DBCA (OST Shallow North well),Oglala Lakota,1995,6
430027102311801,1990-01-29 22:55:00+00:00,42.79,35N44W17DBCA (OST Shallow North well),Oglala Lakota,1990,1
430027102311801,1987-10-08 12:00:00+00:00,43.52,35N44W17DBCA (OST Shallow North well),Oglala Lakota,1987,10
430027102311801,2002-01-15 18:32:00+00:00,38.36,35N44W17DBCA (OST Shallow North well),Oglala Lakota,2002,1
430027102311801,2017-03-20 22:00:00+00:00,39.49,35N44W17DBCA (OST Shallow North well),Oglala Lakota,2017,3
430027102311801,2019-10-09 19:26:00+00:00,41.11,35N44W17DBCA (OST Shallow North well),Oglala Lakota,2019,10
430027102311801,2003-01-23 15:10:00+00:00,39.1,35N44W17DBCA (OST Shallow North well),Oglala Lakota,2003,1
430744101593201,2011-08-29 12:00:00+00:00,-1.8,36N40W02ABA (BT-78B),Oglala Lakota,2011,8
430744101593201,1986-12-17 12:00:00+00:00,-0.4,36N40W02ABA (BT-78B),Oglala Lakota,1986,12
430744101593201,1981-08-05 12:00:00+00:00,30.9,36N40W02ABA (BT-78B),Oglala Lakota,1981,8
430744101593201,2010-08-10 12:00:00+00:00,-0.8,36N40W02ABA (BT-78B),Oglala Lakota,2010,8
430744101593201,1990-11-29 12:00:00+00:00,2.1,36N40W02ABA (BT-78B),Oglala Lakota,1990,11
430744101593201,2022-09-20 19:00:00+00:00,11.44,36N40W02ABA (BT-78B),Oglala Lakota,2022,9
430744101593201,2007-09-05 12:00:00+00:00,3.4,36N40W02ABA (BT-78B),Oglala Lakota,2007,9
430744101593201,1987-06-17 12:00:00+00:00,-1.7,36N40W02ABA (BT-78B),Oglala Lakota,1987,6
430744101593201,1993-07-14 12:00:00+00:00,-1.6,36N40W02ABA (BT-78B),Oglala Lakota,1993,7
430744101593201,2002-04-23 12:00:00+00:00,-2.2,36N40W02ABA (BT-78B),Oglala Lakota,2002,4
430744101593201,2000-05-12 12:00:00+00:00,-3.7,36N40W02ABA (BT-78B),Oglala Lakota,2000,5
430744101593201,2005-06-14 12:00:00+00:00,0.4,36N40W02ABA (BT-78B),Oglala Lakota,2005,6
430744101593201,1994-05-18 12:00:00+00:00,-2.2,36N40W02ABA (BT-78B),Oglala Lakota,1994,5
430744101593201,2006-06-07 12:00:00+00:00,0.0,36N40W02ABA (BT-78B),Oglala Lakota,2006,6
430744101593201,2010-07-14 12:00:00+00:00,-1.1,36N40W02ABA (BT-78B),Oglala Lakota,2010,7
430744101593201,1989-06-21 12:00:00+00:00,6.7,36N40W02ABA (BT-78B),Oglala Lakota,1989,6
430744101593201,2009-08-04 12:00:00+00:00,-0.4,36N40W02ABA (BT-78B),Oglala Lakota,2009,8
430744101593201,1980-06-04 12:00:00+00:00,21.3,36N40W02ABA (BT-78B),Oglala Lakota,1980,6
430744101593201,1997-10-01 12:00:00+00:00,0.5,36N40W02ABA (BT-78B),Oglala Lakota,1997,10
430744101593201,1983-08-26 12:00:00+00:00,16.1,36N40W02ABA (BT-78B),Oglala Lakota,1983,8
430744101593201,1994-06-29 12:00:00+00:00,-2.2,36N40W02ABA (BT-78B),Oglala Lakota,1994,6
430744101593201,1983-04-27 12:00:00+00:00,0.1,36N40W02ABA (BT-78B),Oglala Lakota,1983,4
430744101593201,2009-05-06 12:00:00+00:00,-0.4,36N40W02ABA (BT-78B),Oglala Lakota,2009,5
430744101593201,1992-09-02 12:00:00+00:00,9.0,36N40W02ABA (BT-78B),Oglala Lakota,1992,9
430744101593201,2007-07-11 12:00:00+00:00,0.5,36N40W02ABA (BT-78B),Oglala Lakota,2007,7
430744101593201,2002-10-01 12:00:00+00:00,0.3,36N40W02ABA (BT-78B),Oglala Lakota,2002,10
430744101593201,1998-05-20 12:00:00+00:00,-3.1,36N40W02ABA (BT-78B),Oglala Lakota,1998,5
430744101593201,2004-07-13 12:00:00+00:00,6.8,36N40W02ABA (BT-78B),Oglala Lakota,2004,7
430744101593201,2003-10-01 12:00:00+00:00,2.9,36N40W02ABA (BT-78B),Oglala Lakota,2003,10
430744101593201,2007-06-12 12:00:00+00:00,0.3,36N40W02ABA (BT-78B),Oglala Lakota,2007,6
430744101593201,2024-05-13 23:34:00+00:00,-1.21,36N40W02ABA (BT-78B),Oglala Lakota,2024,5
430744101593201,2013-07-16 12:00:00+00:00,-0.4,36N40W02ABA (BT-78B),Oglala Lakota,2013,7
430744101593201,1995-08-30 12:00:00+00:00,5.7,36N40W02ABA (BT-78B),Oglala Lakota,1995,8
430744101593201,2009-03-19 12:00:00+00:00,0.2,36N40W02ABA (BT-78B),Oglala Lakota,2009,3
430744101593201,2004-06-15 12:00:00+00:00,11.5,36N40W02ABA (BT-78B),Oglala Lakota,2004,6
430744101593201,1987-05-13 12:00:00+00:00,-1.7,36N40W02ABA (BT-78B),Oglala Lakota,1987,5
430744101593201,1983-07-28 12:00:00+00:00,21.5,36N40W02ABA (BT-78B),Oglala Lakota,1983,7
430744101593201,1981-08-27 12:00:00+00:00,34.9,36N40W02ABA (BT-78B),Oglala Lakota,1981,8
430744101593201,2007-12-16 12:00:00+00:00,1.7,36N40W02ABA (BT-78B),Oglala Lakota,2007,12
430744101593201,2001-06-28 12:00:00+00:00,-2.9,36N40W02ABA (BT-78B),Oglala Lakota,2001,6
430744101593201,1983-03-17 12:00:00+00:00,0.6,36N40W02ABA (BT-78B),Oglala Lakota,1983,3
430744101593201,2001-08-02 12:00:00+00:00,-2.8,36N40W02ABA (BT-78B),Oglala Lakota,2001,8
430744101593201,1992-11-05 12:00:00+00:00,1.1,36N40W02ABA (BT-78B),Oglala Lakota,1992,11
430744101593201,1985-10-02 12:00:00+00:00,15.6,36N40W02ABA (BT-78B),Oglala Lakota,1985,10
430744101593201,1999-07-28 12:00:00+00:00,-1.1,36N40W02ABA (BT-78B),Oglala Lakota,1999,7
430744101593201,2022-06-27 19:00:00+00:00,2.09,36N40W02ABA (BT-78B),Oglala Lakota,2022,6
430744101593201,1998-09-16 12:00:00+00:00,-3.2,36N40W02ABA (BT-78B),Oglala Lakota,1998,9
430744101593201,2010-01-11 12:00:00+00:00,-0.3,36N40W02ABA (BT-78B),Oglala Lakota,2010,1
430744101593201,2023-05-30 19:00:00+00:00,-1.29,36N40W02ABA (BT-78B),Oglala Lakota,2023,5
430744101593201,2004-08-25 12:00:00+00:00,8.3,36N40W02ABA (BT-78B),Oglala Lakota,2004,8
430744101593201,1990-10-03 12:00:00+00:00,10.7,36N40W02ABA (BT-78B),Oglala Lakota,1990,10
430744101593201,2009-12-20 12:00:00+00:00,-0.2,36N40W02ABA (BT-78B),Oglala Lakota,2009,12
430744101593201,2014-05-27 12:00:00+00:00,-0.9,36N40W02ABA (BT-78B),Oglala Lakota,2014,5
430744101593201,2017-07-10 12:00:00+00:00,-1.48,36N40W02ABA (BT-78B),Oglala Lakota,2017,7
430744101593201,2003-11-17 12:00:00+00:00,0.6,36N40W02ABA (BT-78B),Oglala Lakota,2003,11
430744101593201,2014-10-20 12:00:00+00:00,1.2,36N40W02ABA (BT-78B),Oglala Lakota,2014,10
430744101593201,2005-08-10 12:00:00+00:00,1.0,36N40W02ABA (BT-78B),Oglala Lakota,2005,8
430744101593201,2008-10-14 12:00:00+00:00,1.0,36N40W02ABA (BT-78B),Oglala Lakota,2008,10
430744101593201,1985-07-16 12:00:00+00:00,18.8,36N40W02ABA (BT-78B),Oglala Lakota,1985,7
430744101593201,1986-08-21 12:00:00+00:00,13.6,36N40W02ABA (BT-78B),Oglala Lakota,1986,8
430744101593201,2009-07-09 12:00:00+00:00,-0.6,36N40W02ABA (BT-78B),Oglala Lakota,2009,7
430744101593201,1988-12-08 12:00:00+00:00,0.5,36N40W02ABA (BT-78B),Oglala Lakota,1988,12
430744101593201,1983-06-23 12:00:00+00:00,5.3,36N40W02ABA (BT-78B),Oglala Lakota,1983,6
430744101593201,2008-03-17 12:00:00+00:00,1.0,36N40W02ABA (BT-78B),Oglala Lakota,2008,3
430744101593201,1993-09-15 12:00:00+00:00,5.1,36N40W02ABA (BT-78B),Oglala Lakota,1993,9
430744101593201,2021-07-26 19:00:00+00:00,3.45,36N40W02ABA (BT-78B),Oglala Lakota,2021,7
430744101593201,1980-03-25 12:00:00+00:00,0.4,36N40W02ABA (BT-78B),Oglala Lakota,1980,3
430744101593201,2008-08-20 12:00:00+00:00,0.3,36N40W02ABA (BT-78B),Oglala Lakota,2008,8
430744101593201,2018-07-16 12:00:00+00:00,0.13,36N40W02ABA (BT-78B),Oglala Lakota,2018,7
430744101593201,1980-08-07 12:00:00+00:00,36.7,36N40W02ABA (BT-78B),Oglala Lakota,1980,8
430744101593201,2022-07-25 19:00:00+00:00,1.98,36N40W02ABA (BT-78B),Oglala Lakota,2022,7
430744101593201,2006-10-12 12:00:00+00:00,1.1,36N40W02ABA (BT-78B),Oglala Lakota,2006,10
430744101593201,1991-04-18 12:00:00+00:00,-0.8,36N40W02ABA (BT-78B),Oglala Lakota,1991,4
430744101593201,2006-06-27 12:00:00+00:00,0.3,36N40W02ABA (BT-78B),Oglala Lakota,2006,6
430744101593201,1993-10-27 12:00:00+00:00,0.0,36N40W02ABA (BT-78B),Oglala Lakota,1993,10
430744101593201,1997-03-12 12:00:00+00:00,-2.4,36N40W02ABA (BT-78B),Oglala Lakota,1997,3
430744101593201,2013-08-14 12:00:00+00:00,-0.5,36N40W02ABA (BT-78B),Oglala Lakota,2013,8
430744101593201,1994-08-24 12:00:00+00:00,0.7,36N40W02ABA (BT-78B),Oglala Lakota,1994,8
430744101593201,1993-06-10 12:00:00+00:00,-1.6,36N40W02ABA (BT-78B),Oglala Lakota,1993,6
430744101593201,2009-06-01 12:00:00+00:00,-0.4,36N40W02ABA (BT-78B),Oglala Lakota,2009,6
430744101593201,2018-09-26 12:00:00+00:00,0.6,36N40W02ABA (BT-78B),Oglala Lakota,2018,9
430744101593201,1988-06-29 12:00:00+00:00,-1.3,36N40W02ABA (BT-78B),Oglala Lakota,1988,6
430744101593201,1999-08-25 12:00:00+00:00,6.6,36N40W02ABA (BT-78B),Oglala Lakota,1999,8
430744101593201,1995-05-24 12:00:00+00:00,-2.1,36N40W02ABA (BT-78B),Oglala Lakota,1995,5
430744101593201,1996-07-31 12:00:00+00:00,9.1,36N40W02ABA (BT-78B),Oglala Lakota,1996,7
430744101593201,1983-05-24 12:00:00+00:00,-0.1,36N40W02ABA (BT-78B),Oglala Lakota,1983,5
430744101593201,1989-06-01 12:00:00+00:00,-0.9,36N40W02ABA (BT-78B),Oglala Lakota,1989,6
430744101593201,1988-05-19 12:00:00+00:00,-1.0,36N40W02ABA (BT-78B),Oglala Lakota,1988,5
430744101593201,1986-07-31 12:00:00+00:00,1.8,36N40W02ABA (BT-78B),Oglala Lakota,1986,7
430744101593201,2007-03-28 12:00:00+00:00,0.4,36N40W02ABA (BT-78B),Oglala Lakota,2007,3
430744101593201,1994-03-09 12:00:00+00:00,-2.0,36N40W02ABA (BT-78B),Oglala Lakota,1994,3
430744101593201,2008-09-17 12:00:00+00:00,0.6,36N40W02ABA (BT-78B),Oglala Lakota,2008,9
430744101593201,1992-07-29 12:00:00+00:00,-1.2,36N40W02ABA (BT-78B),Oglala Lakota,1992,7
430744101593201,2012-07-26 12:00:00+00:00,-1.2,36N40W02ABA (BT-78B),Oglala Lakota,2012,7
430744101593201,1991-07-25 12:00:00+00:00,13.3,36N40W02ABA (BT-78B),Oglala Lakota,1991,7
430744101593201,1986-05-22 12:00:00+00:00,-0.9,36N40W02ABA (BT-78B),Oglala Lakota,1986,5
430744101593201,2010-05-17 12:00:00+00:00,-1.2,36N40W02ABA (BT-78B),Oglala Lakota,2010,5
430744101593201,2005-05-11 12:00:00+00:00,0.3,36N40W02ABA (BT-78B),Oglala Lakota,2005,5
430744101593201,2025-05-12 23:54:00+00:00,-1.09,36N40W02ABA (BT-78B),Oglala Lakota,2025,5
430744101593201,2016-08-08 12:00:00+00:00,3.0,36N40W02ABA (BT-78B),Oglala Lakota,2016,8
430744101593201,2007-08-10 12:00:00+00:00,11.6,36N40W02ABA (BT-78B),Oglala Lakota,2007,8
430744101593201,1988-08-10 12:00:00+00:00,10.7,36N40W02ABA (BT-78B),Oglala Lakota,1988,8
430744101593201,2017-09-18 12:00:00+00:00,-1.7,36N40W02ABA (BT-78B),Oglala Lakota,2017,9
430744101593201,2009-11-22 12:00:00+00:00,-0.1,36N40W02ABA (BT-78B),Oglala Lakota,2009,11
430744101593201,1998-11-18 12:00:00+00:00,-3.4,36N40W02ABA (BT-78B),Oglala Lakota,1998,11
430744101593201,2004-10-12 12:00:00+00:00,5.4,36N40W02ABA (BT-78B),Oglala Lakota,2004,10
430744101593201,1982-03-10 12:00:00+00:00,2.1,36N40W02ABA (BT-78B),Oglala Lakota,1982,3
430744101593201,2008-07-21 12:00:00+00:00,0.4,36N40W02ABA (BT-78B),Oglala Lakota,2008,7
430744101593201,1982-09-17 12:00:00+00:00,30.2,36N40W02ABA (BT-78B),Oglala Lakota,1982,9
430744101593201,2008-12-29 12:00:00+00:00,0.6,36N40W02ABA (BT-78B),Oglala Lakota,2008,12
430744101593201,1982-08-17 12:00:00+00:00,32.7,36N40W02ABA (BT-78B),Oglala Lakota,1982,8
430744101593201,2019-07-22 19:00:00+00:00,-2.0,36N40W02ABA (BT-78B),Oglala Lakota,2019,7
430744101593201,2021-06-21 19:00:00+00:00,2.65,36N40W02ABA (BT-78B),Oglala Lakota,2021,6
430744101593201,2016-07-05 12:00:00+00:00,0.03,36N40W02ABA (BT-78B),Oglala Lakota,2016,7
430744101593201,2016-06-13 12:00:00+00:00,-1.67,36N40W02ABA (BT-78B),Oglala Lakota,2016,6
430744101593201,2000-04-04 12:00:00+00:00,-3.5,36N40W02ABA (BT-78B),Oglala Lakota,2000,4
430744101593201,2006-05-18 12:00:00+00:00,-0.4,36N40W02ABA (BT-78B),Oglala Lakota,2006,5
430744101593201,2011-07-25 12:00:00+00:00,-1.6,36N40W02ABA (BT-78B),Oglala Lakota,2011,7
430744101593201,1987-11-05 12:00:00+00:00,3.2,36N40W02ABA (BT-78B),Oglala Lakota,1987,11
430744101593201,2005-11-11 12:00:00+00:00,1.4,36N40W02ABA (BT-78B),Oglala Lakota,2005,11
430744101593201,1993-03-24 12:00:00+00:00,-1.1,36N40W02ABA (BT-78B),Oglala Lakota,1993,3
430744101593201,2018-08-06 12:00:00+00:00,1.75,36N40W02ABA (BT-78B),Oglala Lakota,2018,8
430744101593201,2001-09-26 12:00:00+00:00,-2.5,36N40W02ABA (BT-78B),Oglala Lakota,2001,9
430744101593201,2025-05-20 02:13:00+00:00,-0.14,36N40W02ABA (BT-78B),Oglala Lakota,2025,5
430744101593201,2004-05-18 12:00:00+00:00,-0.4,36N40W02ABA (BT-78B),Oglala Lakota,2004,5
430744101593201,1989-08-17 12:00:00+00:00,11.0,36N40W02ABA (BT-78B),Oglala Lakota,1989,8
430744101593201,1984-08-07 12:00:00+00:00,27.9,36N40W02ABA (BT-78B),Oglala Lakota,1984,8
430744101593201,1980-06-25 12:00:00+00:00,7.3,36N40W02ABA (BT-78B),Oglala Lakota,1980,6
430744101593201,2008-11-19 12:00:00+00:00,0.8,36N40W02ABA (BT-78B),Oglala Lakota,2008,11
430744101593201,1982-07-28 12:00:00+00:00,13.4,36N40W02ABA (BT-78B),Oglala Lakota,1982,7
430744101593201,1997-06-11 12:00:00+00:00,-3.3,36N40W02ABA (BT-78B),Oglala Lakota,1997,6
430744101593201,1985-06-19 12:00:00+00:00,23.5,36N40W02ABA (BT-78B),Oglala Lakota,1985,6
430744101593201,1992-05-28 12:00:00+00:00,-1.3,36N40W02ABA (BT-78B),Oglala Lakota,1992,5
430744101593201,2006-08-15 12:00:00+00:00,1.5,36N40W02ABA (BT-78B),Oglala Lakota,2006,8
430744101593201,2004-08-10 12:00:00+00:00,9.4,36N40W02ABA (BT-78B),Oglala Lakota,2004,8
430744101593201,2023-06-05 19:00:00+00:00,-1.7,36N40W02ABA (BT-78B),Oglala Lakota,2023,6
430744101593201,1995-06-28 12:00:00+00:00,-2.5,36N40W02ABA (BT-78B),Oglala Lakota,1995,6
430744101593201,1996-10-25 12:00:00+00:00,0.4,36N40W02ABA (BT-78B),Oglala Lakota,1996,10
430744101593201,2008-04-21 12:00:00+00:00,0.8,36N40W02ABA (BT-78B),Oglala Lakota,2008,4
430744101593201,2001-05-16 12:00:00+00:00,-2.9,36N40W02ABA (BT-78B),Oglala Lakota,2001,5
430744101593201,2002-05-28 12:00:00+00:00,-2.2,36N40W02ABA (BT-78B),Oglala Lakota,2002,5
430744101593201,1995-04-27 12:00:00+00:00,-1.9,36N40W02ABA (BT-78B),Oglala Lakota,1995,4
430744101593201,2009-02-09 12:00:00+00:00,0.2,36N40W02ABA (BT-78B),Oglala Lakota,2009,2
430744101593201,1984-04-23 12:00:00+00:00,-1.6,36N40W02ABA (BT-78B),Oglala Lakota,1984,4
430744101593201,1994-04-12 12:00:00+00:00,-2.2,36N40W02ABA (BT-78B),Oglala Lakota,1994,4
430744101593201,2008-06-18 12:00:00+00:00,0.5,36N40W02ABA (BT-78B),Oglala Lakota,2008,6
430744101593201,1985-08-06 12:00:00+00:00,29.8,36N40W02ABA (BT-78B),Oglala Lakota,1985,8
430744101593201,1992-09-30 12:00:00+00:00,5.4,36N40W02ABA (BT-78B),Oglala Lakota,1992,9
430744101593201,1983-10-06 12:00:00+00:00,9.1,36N40W02ABA (BT-78B),Oglala Lakota,1983,10
430744101593201,2021-05-24 19:00:00+00:00,3.39,36N40W02ABA (BT-78B),Oglala Lakota,2021,5
430744101593201,2025-06-03 01:06:00+00:00,0.08,36N40W02ABA (BT-78B),Oglala Lakota,2025,6
430744101593201,2024-07-31 00:53:00+00:00,4.6,36N40W02ABA (BT-78B),Oglala Lakota,2024,7
430744101593201,2015-09-20 12:00:00+00:00,5.0,36N40W02ABA (BT-78B),Oglala Lakota,2015,9
430744101593201,1981-04-07 12:00:00+00:00,2.2,36N40W02ABA (BT-78B),Oglala Lakota,1981,4
430744101593201,2010-06-16 12:00:00+00:00,-1.5,36N40W02ABA (BT-78B),Oglala Lakota,2010,6
430744101593201,2011-10-17 12:00:00+00:00,-1.7,36N40W02ABA (BT-78B),Oglala Lakota,2011,10
430744101593201,1992-03-12 12:00:00+00:00,-1.1,36N40W02ABA (BT-78B),Oglala Lakota,1992,3
430744101593201,1981-05-21 12:00:00+00:00,3.4,36N40W02ABA (BT-78B),Oglala Lakota,1981,5
430744101593201,1996-09-23 12:00:00+00:00,4.3,36N40W02ABA (BT-78B),Oglala Lakota,1996,9
430744101593201,2000-07-05 12:00:00+00:00,-3.8,36N40W02ABA (BT-78B),Oglala Lakota,2000,7
430744101593201,1980-05-08 12:00:00+00:00,0.3,36N40W02ABA (BT-78B),Oglala Lakota,1980,5
430744101593201,2001-11-07 12:00:00+00:00,-2.1,36N40W02ABA (BT-78B),Oglala Lakota,2001,11
430744101593201,1991-08-13 12:00:00+00:00,11.8,36N40W02ABA (BT-78B),Oglala Lakota,1991,8
430744101593201,2007-05-18 12:00:00+00:00,0.3,36N40W02ABA (BT-78B),Oglala Lakota,2007,5
430744101593201,1988-10-06 12:00:00+00:00,4.8,36N40W02ABA (BT-78B),Oglala Lakota,1988,10
430744101593201,2001-03-28 12:00:00+00:00,-2.5,36N40W02ABA (BT-78B),Oglala Lakota,2001,3
430744101593201,1987-07-29 12:00:00+00:00,6.3,36N40W02ABA (BT-78B),Oglala Lakota,1987,7
430744101593201,1988-04-14 12:00:00+00:00,-0.8,36N40W02ABA (BT-78B),Oglala Lakota,1988,4
430744101593201,2023-08-07 21:16:00+00:00,3.58,36N40W02ABA (BT-78B),Oglala Lakota,2023,8
430744101593201,2017-07-31 12:00:00+00:00,-1.65,36N40W02ABA (BT-78B),Oglala Lakota,2017,7
430744101593201,1999-06-23 12:00:00+00:00,-4.0,36N40W02ABA (BT-78B),Oglala Lakota,1999,6
430744101593201,2002-08-20 12:00:00+00:00,2.9,36N40W02ABA (BT-78B),Oglala Lakota,2002,8
430744101593201,1999-10-27 12:00:00+00:00,-2.1,36N40W02ABA (BT-78B),Oglala Lakota,1999,10
430744101593201,1981-06-11 12:00:00+00:00,13.5,36N40W02ABA (BT-78B),Oglala Lakota,1981,6
430744101593201,1986-06-25 12:00:00+00:00,-1.5,36N40W02ABA (BT-78B),Oglala Lakota,1986,6
430744101593201,2005-03-31 12:00:00+00:00,0.6,36N40W02ABA (BT-78B),Oglala Lakota,2005,3
430744101593201,2012-05-08 12:00:00+00:00,-1.5,36N40W02ABA (BT-78B),Oglala Lakota,2012,5
430744101593201,1990-08-10 12:00:00+00:00,10.8,36N40W02ABA (BT-78B),Oglala Lakota,1990,8
430744101593201,2002-07-23 12:00:00+00:00,15.5,36N40W02ABA (BT-78B),Oglala Lakota,2002,7
430744101593201,2006-07-19 12:00:00+00:00,0.9,36N40W02ABA (BT-78B),Oglala Lakota,2006,7
430744101593201,1989-11-02 12:00:00+00:00,7.1,36N40W02ABA (BT-78B),Oglala Lakota,1989,11
430744101593201,1982-04-22 12:00:00+00:00,1.5,36N40W02ABA (BT-78B),Oglala Lakota,1982,4
430744101593201,1987-08-04 12:00:00+00:00,12.9,36N40W02ABA (BT-78B),Oglala Lakota,1987,8
430744101593201,2001-11-14 12:00:00+00:00,-2.2,36N40W02ABA (BT-78B),Oglala Lakota,2001,11
430744101593201,2005-10-08 12:00:00+00:00,1.6,36N40W02ABA (BT-78B),Oglala Lakota,2005,10
430744101593201,2010-11-11 12:00:00+00:00,0.7,36N40W02ABA (BT-78B),Oglala Lakota,2010,11
430744101593201,2009-09-28 12:00:00+00:00,0.1,36N40W02ABA (BT-78B),Oglala Lakota,2009,9
430744101593201,2004-09-08 12:00:00+00:00,12.4,36N40W02ABA (BT-78B),Oglala Lakota,2004,9
430744101593201,1991-06-13 12:00:00+00:00,-1.2,36N40W02ABA (BT-78B),Oglala Lakota,1991,6
430744101593201,2007-10-29 12:00:00+00:00,2.6,36N40W02ABA (BT-78B),Oglala Lakota,2007,10
430744101593201,1984-09-25 12:00:00+00:00,20.5,36N40W02ABA (BT-78B),Oglala Lakota,1984,9
430744101593201,2015-08-04 12:00:00+00:00,2.0,36N40W02ABA (BT-78B),Oglala Lakota,2015,8
430744101593201,2016-04-18 12:00:00+00:00,-1.64,36N40W02ABA (BT-78B),Oglala Lakota,2016,4
430744101593201,1984-07-10 12:00:00+00:00,0.8,36N40W02ABA (BT-78B),Oglala Lakota,1984,7
430744101593201,1988-08-31 12:00:00+00:00,20.1,36N40W02ABA (BT-78B),Oglala Lakota,1988,8
430744101593201,2023-07-24 20:13:00+00:00,1.6,36N40W02ABA (BT-78B),Oglala Lakota,2023,7
430744101593201,1992-06-09 12:00:00+00:00,-1.2,36N40W02ABA (BT-78B),Oglala Lakota,1992,6
430744101593201,2022-07-11 19:00:00+00:00,1.54,36N40W02ABA (BT-78B),Oglala Lakota,2022,7
430744101593201,2010-10-19 12:00:00+00:00,0.4,36N40W02ABA (BT-78B),Oglala Lakota,2010,10
430744101593201,1989-07-11 12:00:00+00:00,18.1,36N40W02ABA (BT-78B),Oglala Lakota,1989,7
430744101593201,2021-06-09 19:00:00+00:00,2.69,36N40W02ABA (BT-78B),Oglala Lakota,2021,6
430744101593201,2005-05-16 12:00:00+00:00,0.2,36N40W02ABA (BT-78B),Oglala Lakota,2005,5
430744101593201,1984-05-24 12:00:00+00:00,-1.6,36N40W02ABA (BT-78B),Oglala Lakota,1984,5
430744101593201,1987-04-09 12:00:00+00:00,-1.5,36N40W02ABA (BT-78B),Oglala Lakota,1987,4
430744101593201,1990-04-03 12:00:00+00:00,0.5,36N40W02ABA (BT-78B),Oglala Lakota,1990,4
430744101593201,1998-07-30 12:00:00+00:00,-3.4,36N40W02ABA (BT-78B),Oglala Lakota,1998,7
430744101593201,1980-07-17 12:00:00+00:00,27.3,36N40W02ABA (BT-78B),Oglala Lakota,1980,7
430744101593201,1991-10-23 12:00:00+00:00,4.0,36N40W02ABA (BT-78B),Oglala Lakota,1991,10
430744101593201,1999-09-22 12:00:00+00:00,0.3,36N40W02ABA (BT-78B),Oglala Lakota,1999,9
430744101593201,2023-09-18 21:49:00+00:00,5.8,36N40W02ABA (BT-78B),Oglala Lakota,2023,9
430744101593201,1990-05-24 12:00:00+00:00,-0.2,36N40W02ABA (BT-78B),Oglala Lakota,1990,5
430744101593201,2002-11-05 12:00:00+00:00,-0.6,36N40W02ABA (BT-78B),Oglala Lakota,2002,11
430744101593201,1984-06-12 12:00:00+00:00,-1.1,36N40W02ABA (BT-78B),Oglala Lakota,1984,6
430744101593201,2018-06-25 12:00:00+00:00,-0.9,36N40W02ABA (BT-78B),Oglala Lakota,2018,6
430744101593201,2024-09-11 21:46:00+00:00,8.9,36N40W02ABA (BT-78B),Oglala Lakota,2024,9
430744101593201,2014-04-07 12:00:00+00:00,-0.3,36N40W02ABA (BT-78B),Oglala Lakota,2014,4
430744101593201,2024-06-18 07:00:00+00:00,-0.2,36N40W02ABA (BT-78B),Oglala Lakota,2024,6
430744101593201,1987-10-01 12:00:00+00:00,9.1,36N40W02ABA (BT-78B),Oglala Lakota,1987,10
430744101593201,1980-08-28 12:00:00+00:00,36.7,36N40W02ABA (BT-78B),Oglala Lakota,1980,8
430744101593201,1989-04-20 12:00:00+00:00,-0.9,36N40W02ABA (BT-78B),Oglala Lakota,1989,4
430744101593201,1981-11-05 12:00:00+00:00,11.9,36N40W02ABA (BT-78B),Oglala Lakota,1981,11
430744101593201,2016-09-26 12:00:00+00:00,4.16,36N40W02ABA (BT-78B),Oglala Lakota,2016,9
430744101593201,2022-08-08 19:00:00+00:00,0.61,36N40W02ABA (BT-78B),Oglala Lakota,2022,8
430744101593201,2000-10-25 12:00:00+00:00,-1.6,36N40W02ABA (BT-78B),Oglala Lakota,2000,10
430744101593201,2000-08-17 12:00:00+00:00,2.1,36N40W02ABA (BT-78B),Oglala Lakota,2000,8
430744101593201,1997-08-20 12:00:00+00:00,-3.3,36N40W02ABA (BT-78B),Oglala Lakota,1997,8
430744101593201,2007-11-26 12:00:00+00:00,2.0,36N40W02ABA (BT-78B),Oglala Lakota,2007,11
430744101593201,2022-05-12 19:00:00+00:00,-1.81,36N40W02ABA (BT-78B),Oglala Lakota,2022,5
430744101593201,2022-10-03 19:00:00+00:00,10.3,36N40W02ABA (BT-78B),Oglala Lakota,2022,10
430744101593201,2013-05-14 12:00:00+00:00,-0.3,36N40W02ABA (BT-78B),Oglala Lakota,2013,5
430744101593201,1995-09-27 12:00:00+00:00,1.4,36N40W02ABA (BT-78B),Oglala Lakota,1995,9
430744101593201,1994-08-02 12:00:00+00:00,2.2,36N40W02ABA (BT-78B),Oglala Lakota,1994,8
430744101593201,2008-05-22 12:00:00+00:00,0.6,36N40W02ABA (BT-78B),Oglala Lakota,2008,5
430744101593201,1995-07-26 12:00:00+00:00,-2.7,36N40W02ABA (BT-78B),Oglala Lakota,1995,7
430744101593201,1989-09-07 12:00:00+00:00,10.9,36N40W02ABA (BT-78B),Oglala Lakota,1989,9
430744101593201,1992-04-29 12:00:00+00:00,-1.2,36N40W02ABA (BT-78B),Oglala Lakota,1992,4
430744101593201,1984-11-15 12:00:00+00:00,5.3,36N40W02ABA (BT-78B),Oglala Lakota,1984,11
430744101593201,2004-03-24 12:00:00+00:00,-0.2,36N40W02ABA (BT-78B),Oglala Lakota,2004,3
430744101593201,1999-05-17 12:00:00+00:00,-4.0,36N40W02ABA (BT-78B),Oglala Lakota,1999,5
430744101593201,2013-06-10 12:00:00+00:00,-0.5,36N40W02ABA (BT-78B),Oglala Lakota,2013,6
430744101593201,1999-07-21 12:00:00+00:00,-4.2,36N40W02ABA (BT-78B),Oglala Lakota,1999,7
430744101593201,1993-08-25 12:00:00+00:00,10.8,36N40W02ABA (BT-78B),Oglala Lakota,1993,8
430744101593201,1997-07-15 12:00:00+00:00,-3.5,36N40W02ABA (BT-78B),Oglala Lakota,1997,7
430744101593201,2025-06-17 00:23:00+00:00,-0.13,36N40W02ABA (BT-78B),Oglala Lakota,2025,6
430744101593201,2005-07-12 12:00:00+00:00,0.4,36N40W02ABA (BT-78B),Oglala Lakota,2005,7
430744101593201,1981-12-22 12:00:00+00:00,5.6,36N40W02ABA (BT-78B),Oglala Lakota,1981,12
430744101593201,2004-11-09 12:00:00+00:00,3.0,36N40W02ABA (BT-78B),Oglala Lakota,2004,11
430744101593201,2025-10-21 03:04:00+00:00,2.39,36N40W02ABA (BT-78B),Oglala Lakota,2025,10
430744101593201,1986-10-30 12:00:00+00:00,1.3,36N40W02ABA (BT-78B),Oglala Lakota,1986,10
430744101593201,1983-12-16 12:00:00+00:00,0.8,36N40W02ABA (BT-78B),Oglala Lakota,1983,12
430744101593201,2009-09-03 12:00:00+00:00,-0.1,36N40W02ABA (BT-78B),Oglala Lakota,2009,9
430744101593201,1981-09-30 12:00:00+00:00,27.0,36N40W02ABA (BT-78B),Oglala Lakota,1981,9
430744101593201,2015-08-24 12:00:00+00:00,2.9,36N40W02ABA (BT-78B),Oglala Lakota,2015,8
430744101593201,1980-09-18 12:00:00+00:00,45.2,36N40W02ABA (BT-78B),Oglala Lakota,1980,9
430744101593201,2002-06-25 12:00:00+00:00,4.5,36N40W02ABA (BT-78B),Oglala Lakota,2002,6
430744101593201,2013-03-18 12:00:00+00:00,-0.1,36N40W02ABA (BT-78B),Oglala Lakota,2013,3
430744101593201,2010-09-15 12:00:00+00:00,-0.6,36N40W02ABA (BT-78B),Oglala Lakota,2010,9
430744101593201,1991-09-18 12:00:00+00:00,14.9,36N40W02ABA (BT-78B),Oglala Lakota,1991,9
430744101593201,2007-10-02 12:00:00+00:00,2.8,36N40W02ABA (BT-78B),Oglala Lakota,2007,10
430744101593201,2013-11-05 12:00:00+00:00,0.4,36N40W02ABA (BT-78B),Oglala Lakota,2013,11
430744101593201,2016-07-23 12:00:00+00:00,1.21,36N40W02ABA (BT-78B),Oglala Lakota,2016,7
430744101593201,1986-03-27 12:00:00+00:00,0.1,36N40W02ABA (BT-78B),Oglala Lakota,1986,3
430744101593201,1982-06-09 12:00:00+00:00,2.3,36N40W02ABA (BT-78B),Oglala Lakota,1982,6
430744101593201,2012-08-20 12:00:00+00:00,-0.6,36N40W02ABA (BT-78B),Oglala Lakota,2012,8
430744101593201,1980-11-17 12:00:00+00:00,13.7,36N40W02ABA (BT-78B),Oglala Lakota,1980,11
430744101593201,1997-12-03 12:00:00+00:00,-2.5,36N40W02ABA (BT-78B),Oglala Lakota,1997,12
430744101593201,2001-08-30 12:00:00+00:00,-2.6,36N40W02ABA (BT-78B),Oglala Lakota,2001,8
430744101593201,1993-05-12 12:00:00+00:00,-1.4,36N40W02ABA (BT-78B),Oglala Lakota,1993,5
430744101593201,1990-06-27 12:00:00+00:00,-0.4,36N40W02ABA (BT-78B),Oglala Lakota,1990,6
430744101593201,2013-09-21 12:00:00+00:00,0.1,36N40W02ABA (BT-78B),Oglala Lakota,2013,9
430744101593201,1982-07-01 12:00:00+00:00,2.0,36N40W02ABA (BT-78B),Oglala Lakota,1982,7
430744101593201,1998-06-24 12:00:00+00:00,-3.5,36N40W02ABA (BT-78B),Oglala Lakota,1998,6
430744101593201,1985-03-28 12:00:00+00:00,-0.3,36N40W02ABA (BT-78B),Oglala Lakota,1985,3
433020101394201,2016-07-25 12:00:00+00:00,63.14,41N37W24DDDD (JA-80A),Oglala Lakota,2016,7
433020101394201,2008-10-14 12:00:00+00:00,67.8,41N37W24DDDD (JA-80A),Oglala Lakota,2008,10
433020101394201,1989-06-21 12:00:00+00:00,72.1,41N37W24DDDD (JA-80A),Oglala Lakota,1989,6
433020101394201,2001-08-02 12:00:00+00:00,64.6,41N37W24DDDD (JA-80A),Oglala Lakota,2001,8
433020101394201,1997-03-12 12:00:00+00:00,69.6,41N37W24DDDD (JA-80A),Oglala Lakota,1997,3
433020101394201,2002-04-23 12:00:00+00:00,64.5,41N37W24DDDD (JA-80A),Oglala Lakota,2002,4
433020101394201,1995-06-28 12:00:00+00:00,72.0,41N37W24DDDD (JA-80A),Oglala Lakota,1995,6
433020101394201,1999-05-17 12:00:00+00:00,66.3,41N37W24DDDD (JA-80A),Oglala Lakota,1999,5
433020101394201,2009-09-28 12:00:00+00:00,65.3,41N37W24DDDD (JA-80A),Oglala Lakota,2009,9
433020101394201,1997-08-20 12:00:00+00:00,68.3,41N37W24DDDD (JA-80A),Oglala Lakota,1997,8
433020101394201,2001-11-07 12:00:00+00:00,64.5,41N37W24DDDD (JA-80A),Oglala Lakota,2001,11
433020101394201,2018-09-26 12:00:00+00:00,62.84,41N37W24DDDD (JA-80A),Oglala Lakota,2018,9
433020101394201,2005-07-14 12:00:00+00:00,66.7,41N37W24DDDD (JA-80A),Oglala Lakota,2005,7
433020101394201,1992-03-12 12:00:00+00:00,71.4,41N37W24DDDD (JA-80A),Oglala Lakota,1992,3
433020101394201,2011-07-28 12:00:00+00:00,62.9,41N37W24DDDD (JA-80A),Oglala Lakota,2011,7
433020101394201,1992-06-18 12:00:00+00:00,71.4,41N37W24DDDD (JA-80A),Oglala Lakota,1992,6
433020101394201,2008-12-29 12:00:00+00:00,67.4,41N37W24DDDD (JA-80A),Oglala Lakota,2008,12
433020101394201,2003-08-27 12:00:00+00:00,65.3,41N37W24DDDD (JA-80A),Oglala Lakota,2003,8
433020101394201,1981-08-27 12:00:00+00:00,72.7,41N37W24DDDD (JA-80A),Oglala Lakota,1981,8
433020101394201,1995-05-24 12:00:00+00:00,72.0,41N37W24DDDD (JA-80A),Oglala Lakota,1995,5
433020101394201,2007-09-07 12:00:00+00:00,67.9,41N37W24DDDD (JA-80A),Oglala Lakota,2007,9
433020101394201,2014-10-20 12:00:00+00:00,64.2,41N37W24DDDD (JA-80A),Oglala Lakota,2014,10
433020101394201,2009-03-19 12:00:00+00:00,65.4,41N37W24DDDD (JA-80A),Oglala Lakota,2009,3
433020101394201,2000-10-25 12:00:00+00:00,64.7,41N37W24DDDD (JA-80A),Oglala Lakota,2000,10
433020101394201,2003-06-24 12:00:00+00:00,65.2,41N37W24DDDD (JA-80A),Oglala Lakota,2003,6
433020101394201,2006-08-18 12:00:00+00:00,67.3,41N37W24DDDD (JA-80A),Oglala Lakota,2006,8
433020101394201,2018-05-07 12:00:00+00:00,63.2,41N37W24DDDD (JA-80A),Oglala Lakota,2018,5
433020101394201,2008-07-22 12:00:00+00:00,67.7,41N37W24DDDD (JA-80A),Oglala Lakota,2008,7
433020101394201,2015-06-25 12:00:00+00:00,63.8,41N37W24DDDD (JA-80A),Oglala Lakota,2015,6
433020101394201,2010-08-10 12:00:00+00:00,64.2,41N37W24DDDD (JA-80A),Oglala Lakota,2010,8
433020101394201,2025-06-12 00:53:00+00:00,62.85,41N37W24DDDD (JA-80A),Oglala Lakota,2025,6
433020101394201,2000-08-17 12:00:00+00:00,65.0,41N37W24DDDD (JA-80A),Oglala Lakota,2000,8
433020101394201,1983-04-27 12:00:00+00:00,71.6,41N37W24DDDD (JA-80A),Oglala Lakota,1983,4
433020101394201,2006-06-08 12:00:00+00:00,67.3,41N37W24DDDD (JA-80A),Oglala Lakota,2006,6
433020101394201,1993-05-12 12:00:00+00:00,73.1,41N37W24DDDD (JA-80A),Oglala Lakota,1993,5
433020101394201,2013-08-16 12:00:00+00:00,64.3,41N37W24DDDD (JA-80A),Oglala Lakota,2013,8
433020101394201,2016-05-09 12:00:00+00:00,63.1,41N37W24DDDD (JA-80A),Oglala Lakota,2016,5
433020101394201,1981-06-11 12:00:00+00:00,72.7,41N37W24DDDD (JA-80A),Oglala Lakota,1981,6
433020101394201,1991-06-13 12:00:00+00:00,71.4,41N37W24DDDD (JA-80A),Oglala Lakota,1991,6
433020101394201,1993-06-10 12:00:00+00:00,73.1,41N37W24DDDD (JA-80A),Oglala Lakota,1993,6
433020101394201,2011-10-17 12:00:00+00:00,62.9,41N37W24DDDD (JA-80A),Oglala Lakota,2011,10
433020101394201,2005-03-31 12:00:00+00:00,66.7,41N37W24DDDD (JA-80A),Oglala Lakota,2005,3
433020101394201,2018-08-09 12:00:00+00:00,62.86,41N37W24DDDD (JA-80A),Oglala Lakota,2018,8
433020101394201,2023-08-09 22:12:00+00:00,61.87,41N37W24DDDD (JA-80A),Oglala Lakota,2023,8
433020101394201,1999-08-12 12:00:00+00:00,66.0,41N37W24DDDD (JA-80A),Oglala Lakota,1999,8
433020101394201,1982-07-29 12:00:00+00:00,71.8,41N37W24DDDD (JA-80A),Oglala Lakota,1982,7
433020101394201,2005-10-09 12:00:00+00:00,66.6,41N37W24DDDD (JA-80A),Oglala Lakota,2005,10
433020101394201,1990-04-04 12:00:00+00:00,71.7,41N37W24DDDD (JA-80A),Oglala Lakota,1990,4
433020101394201,2008-04-22 12:00:00+00:00,67.9,41N37W24DDDD (JA-80A),Oglala Lakota,2008,4
433020101394201,2012-07-25 12:00:00+00:00,63.4,41N37W24DDDD (JA-80A),Oglala Lakota,2012,7
433020101394201,1999-08-25 12:00:00+00:00,66.1,41N37W24DDDD (JA-80A),Oglala Lakota,1999,8
433020101394201,2009-12-21 12:00:00+00:00,65.1,41N37W24DDDD (JA-80A),Oglala Lakota,2009,12
433020101394201,2008-09-17 12:00:00+00:00,67.6,41N37W24DDDD (JA-80A),Oglala Lakota,2008,9
433020101394201,2004-03-24 12:00:00+00:00,65.7,41N37W24DDDD (JA-80A),Oglala Lakota,2004,3
433020101394201,2021-06-23 19:00:00+00:00,59.07,41N37W24DDDD (JA-80A),Oglala Lakota,2021,6
433020101394201,2007-07-13 12:00:00+00:00,67.9,41N37W24DDDD (JA-80A),Oglala Lakota,2007,7
433020101394201,1994-08-02 12:00:00+00:00,72.1,41N37W24DDDD (JA-80A),Oglala Lakota,1994,8
433020101394201,1987-05-14 12:00:00+00:00,71.3,41N37W24DDDD (JA-80A),Oglala Lakota,1987,5
433020101394201,1981-07-22 12:00:00+00:00,72.9,41N37W24DDDD (JA-80A),Oglala Lakota,1981,7
433020101394201,2002-08-22 12:00:00+00:00,64.8,41N37W24DDDD (JA-80A),Oglala Lakota,2002,8
433020101394201,1981-12-22 12:00:00+00:00,72.6,41N37W24DDDD (JA-80A),Oglala Lakota,1981,12
433020101394201,1993-09-15 12:00:00+00:00,72.9,41N37W24DDDD (JA-80A),Oglala Lakota,1993,9
433020101394201,2005-11-15 12:00:00+00:00,66.8,41N37W24DDDD (JA-80A),Oglala Lakota,2005,11
433020101394201,2008-06-18 12:00:00+00:00,67.7,41N37W24DDDD (JA-80A),Oglala Lakota,2008,6
433020101394201,2021-07-19 19:00:00+00:00,59.34,41N37W24DDDD (JA-80A),Oglala Lakota,2021,7
433020101394201,1987-10-01 12:00:00+00:00,73.3,41N37W24DDDD (JA-80A),Oglala Lakota,1987,10
433020101394201,1999-10-27 12:00:00+00:00,65.9,41N37W24DDDD (JA-80A),Oglala Lakota,1999,10
433020101394201,1998-11-18 12:00:00+00:00,66.9,41N37W24DDDD (JA-80A),Oglala Lakota,1998,11
433020101394201,2013-06-14 12:00:00+00:00,64.0,41N37W24DDDD (JA-80A),Oglala Lakota,2013,6
433020101394201,1991-04-18 12:00:00+00:00,71.6,41N37W24DDDD (JA-80A),Oglala Lakota,1991,4
433020101394201,2018-05-18 12:00:00+00:00,63.15,41N37W24DDDD (JA-80A),Oglala Lakota,2018,5
433020101394201,1988-08-10 12:00:00+00:00,72.4,41N37W24DDDD (JA-80A),Oglala Lakota,1988,8
433020101394201,2025-07-01 03:34:00+00:00,62.99,41N37W24DDDD (JA-80A),Oglala Lakota,2025,7
433020101394201,2009-09-03 12:00:00+00:00,65.3,41N37W24DDDD (JA-80A),Oglala Lakota,2009,9
433020101394201,1986-03-27 12:00:00+00:00,71.9,41N37W24DDDD (JA-80A),Oglala Lakota,1986,3
433020101394201,2024-07-30 22:38:00+00:00,60.81,41N37W24DDDD (JA-80A),Oglala Lakota,2024,7
433020101394201,1993-03-24 12:00:00+00:00,73.3,41N37W24DDDD (JA-80A),Oglala Lakota,1993,3
433020101394201,2015-08-26 12:00:00+00:00,63.5,41N37W24DDDD (JA-80A),Oglala Lakota,2015,8
433020101394201,2001-03-28 12:00:00+00:00,65.0,41N37W24DDDD (JA-80A),Oglala Lakota,2001,3
433020101394201,2006-05-18 12:00:00+00:00,67.1,41N37W24DDDD (JA-80A),Oglala Lakota,2006,5
433020101394201,2008-03-17 12:00:00+00:00,67.9,41N37W24DDDD (JA-80A),Oglala Lakota,2008,3
433020101394201,1993-07-14 12:00:00+00:00,73.2,41N37W24DDDD (JA-80A),Oglala Lakota,1993,7
433020101394201,1991-07-25 12:00:00+00:00,71.5,41N37W24DDDD (JA-80A),Oglala Lakota,1991,7
433020101394201,1996-04-12 12:00:00+00:00,71.2,41N37W24DDDD (JA-80A),Oglala Lakota,1996,4
433020101394201,2022-06-30 19:00:00+00:00,62.6,41N37W24DDDD (JA-80A),Oglala Lakota,2022,6
433020101394201,1989-04-20 12:00:00+00:00,71.9,41N37W24DDDD (JA-80A),Oglala Lakota,1989,4
433020101394201,2010-05-17 12:00:00+00:00,64.6,41N37W24DDDD (JA-80A),Oglala Lakota,2010,5
433020101394201,2008-05-22 12:00:00+00:00,67.8,41N37W24DDDD (JA-80A),Oglala Lakota,2008,5
433020101394201,2010-10-19 12:00:00+00:00,64.3,41N37W24DDDD (JA-80A),Oglala Lakota,2010,10
433020101394201,1982-03-11 12:00:00+00:00,72.4,41N37W24DDDD (JA-80A),Oglala Lakota,1982,3
433020101394201,2005-05-18 12:00:00+00:00,66.3,41N37W24DDDD (JA-80A),Oglala Lakota,2005,5
433020101394201,2013-09-27 12:00:00+00:00,64.3,41N37W24DDDD (JA-80A),Oglala Lakota,2013,9
433020101394201,2002-03-13 12:00:00+00:00,64.5,41N37W24DDDD (JA-80A),Oglala Lakota,2002,3
433020101394201,1988-10-06 12:00:00+00:00,72.5,41N37W24DDDD (JA-80A),Oglala Lakota,1988,10
433020101394201,2006-06-28 12:00:00+00:00,67.3,41N37W24DDDD (JA-80A),Oglala Lakota,2006,6
433020101394201,2009-06-01 12:00:00+00:00,65.4,41N37W24DDDD (JA-80A),Oglala Lakota,2009,6
433020101394201,2007-05-18 12:00:00+00:00,67.7,41N37W24DDDD (JA-80A),Oglala Lakota,2007,5
433020101394201,1994-08-24 12:00:00+00:00,72.4,41N37W24DDDD (JA-80A),Oglala Lakota,1994,8
433020101394201,1992-04-29 12:00:00+00:00,71.5,41N37W24DDDD (JA-80A),Oglala Lakota,1992,4
433020101394201,1992-09-02 12:00:00+00:00,73.3,41N37W24DDDD (JA-80A),Oglala Lakota,1992,9
433020101394201,2007-12-17 12:00:00+00:00,67.8,41N37W24DDDD (JA-80A),Oglala Lakota,2007,12
433020101394201,2015-09-20 12:00:00+00:00,63.4,41N37W24DDDD (JA-80A),Oglala Lakota,2015,9
433020101394201,1994-05-19 12:00:00+00:00,72.5,41N37W24DDDD (JA-80A),Oglala Lakota,1994,5
433020101394201,2009-08-04 12:00:00+00:00,65.2,41N37W24DDDD (JA-80A),Oglala Lakota,2009,8
433020101394201,2016-09-26 12:00:00+00:00,63.04,41N37W24DDDD (JA-80A),Oglala Lakota,2016,9
433020101394201,2003-11-17 12:00:00+00:00,65.2,41N37W24DDDD (JA-80A),Oglala Lakota,2003,11
433020101394201,1988-12-08 12:00:00+00:00,72.4,41N37W24DDDD (JA-80A),Oglala Lakota,1988,12
433020101394201,1996-09-23 12:00:00+00:00,70.5,41N37W24DDDD (JA-80A),Oglala Lakota,1996,9
433020101394201,2004-08-11 12:00:00+00:00,65.4,41N37W24DDDD (JA-80A),Oglala Lakota,2004,8
433020101394201,1986-12-17 12:00:00+00:00,71.6,41N37W24DDDD (JA-80A),Oglala Lakota,1986,12
433020101394201,1991-08-14 12:00:00+00:00,71.3,41N37W24DDDD (JA-80A),Oglala Lakota,1991,8
433020101394201,1996-07-30 12:00:00+00:00,70.7,41N37W24DDDD (JA-80A),Oglala Lakota,1996,7
433020101394201,2019-06-10 12:00:00+00:00,62.18,41N37W24DDDD (JA-80A),Oglala Lakota,2019,6
433020101394201,2009-05-06 12:00:00+00:00,65.2,41N37W24DDDD (JA-80A),Oglala Lakota,2009,5
433020101394201,2024-09-09 23:29:00+00:00,61.03,41N37W24DDDD (JA-80A),Oglala Lakota,2024,9
433020101394201,2009-11-23 12:00:00+00:00,65.2,41N37W24DDDD (JA-80A),Oglala Lakota,2009,11
433020101394201,1999-06-24 12:00:00+00:00,66.2,41N37W24DDDD (JA-80A),Oglala Lakota,1999,6
433020101394201,2012-08-28 12:00:00+00:00,63.5,41N37W24DDDD (JA-80A),Oglala Lakota,2012,8
433020101394201,2004-09-10 12:00:00+00:00,66.4,41N37W24DDDD (JA-80A),Oglala Lakota,2004,9
433020101394201,2015-06-03 12:00:00+00:00,63.8,41N37W24DDDD (JA-80A),Oglala Lakota,2015,6
433020101394201,2018-06-27 12:00:00+00:00,62.88,41N37W24DDDD (JA-80A),Oglala Lakota,2018,6
433020101394201,1991-10-23 12:00:00+00:00,71.4,41N37W24DDDD (JA-80A),Oglala Lakota,1991,10
433020101394201,1995-09-27 12:00:00+00:00,71.8,41N37W24DDDD (JA-80A),Oglala Lakota,1995,9
433020101394201,2010-09-15 12:00:00+00:00,64.3,41N37W24DDDD (JA-80A),Oglala Lakota,2010,9
433020101394201,1995-08-30 12:00:00+00:00,71.9,41N37W24DDDD (JA-80A),Oglala Lakota,1995,8
433020101394201,2001-09-26 12:00:00+00:00,64.6,41N37W24DDDD (JA-80A),Oglala Lakota,2001,9
433020101394201,2014-05-29 12:00:00+00:00,64.8,41N37W24DDDD (JA-80A),Oglala Lakota,2014,5
433020101394201,2010-07-14 12:00:00+00:00,64.3,41N37W24DDDD (JA-80A),Oglala Lakota,2010,7
433020101394201,2008-08-05 12:00:00+00:00,67.8,41N37W24DDDD (JA-80A),Oglala Lakota,2008,8
433020101394201,2015-07-16 12:00:00+00:00,63.5,41N37W24DDDD (JA-80A),Oglala Lakota,2015,7
433020101394201,2005-06-16 12:00:00+00:00,66.5,41N37W24DDDD (JA-80A),Oglala Lakota,2005,6
433020101394201,2008-08-20 12:00:00+00:00,68.0,41N37W24DDDD (JA-80A),Oglala Lakota,2008,8
433020101394201,1987-06-17 12:00:00+00:00,71.3,41N37W24DDDD (JA-80A),Oglala Lakota,1987,6
433020101394201,2019-08-12 12:00:00+00:00,60.98,41N37W24DDDD (JA-80A),Oglala Lakota,2019,8
433020101394201,2001-06-28 12:00:00+00:00,64.7,41N37W24DDDD (JA-80A),Oglala Lakota,2001,6
433020101394201,2004-05-21 12:00:00+00:00,65.7,41N37W24DDDD (JA-80A),Oglala Lakota,2004,5
433020101394201,1981-05-21 12:00:00+00:00,73.0,41N37W24DDDD (JA-80A),Oglala Lakota,1981,5
433020101394201,2018-06-06 12:00:00+00:00,63.34,41N37W24DDDD (JA-80A),Oglala Lakota,2018,6
433020101394201,2002-05-29 12:00:00+00:00,64.5,41N37W24DDDD (JA-80A),Oglala Lakota,2002,5
433020101394201,2017-05-01 12:00:00+00:00,62.6,41N37W24DDDD (JA-80A),Oglala Lakota,2017,5
433020101394201,2004-07-16 12:00:00+00:00,65.9,41N37W24DDDD (JA-80A),Oglala Lakota,2004,7
433020101394201,1993-08-24 12:00:00+00:00,73.0,41N37W24DDDD (JA-80A),Oglala Lakota,1993,8
433020101394201,2016-08-11 12:00:00+00:00,62.82,41N37W24DDDD (JA-80A),Oglala Lakota,2016,8
433020101394201,2010-11-11 12:00:00+00:00,64.2,41N37W24DDDD (JA-80A),Oglala Lakota,2010,11
433020101394201,2024-06-18 07:00:00+00:00,61.67,41N37W24DDDD (JA-80A),Oglala Lakota,2024,6
433020101394201,2002-10-01 12:00:00+00:00,64.8,41N37W24DDDD (JA-80A),Oglala Lakota,2002,10
433020101394201,2016-06-16 12:00:00+00:00,63.02,41N37W24DDDD (JA-80A),Oglala Lakota,2016,6
433020101394201,2002-06-28 12:00:00+00:00,64.6,41N37W24DDDD (JA-80A),Oglala Lakota,2002,6
433020101394201,2016-07-07 12:00:00+00:00,63.08,41N37W24DDDD (JA-80A),Oglala Lakota,2016,7
433020101394201,1986-08-01 12:00:00+00:00,71.6,41N37W24DDDD (JA-80A),Oglala Lakota,1986,8
433020101394201,2001-08-30 12:00:00+00:00,64.7,41N37W24DDDD (JA-80A),Oglala Lakota,2001,8
433020101394201,2004-06-18 12:00:00+00:00,66.0,41N37W24DDDD (JA-80A),Oglala Lakota,2004,6
433020101394201,1993-10-27 12:00:00+00:00,72.9,41N37W24DDDD (JA-80A),Oglala Lakota,1993,10
433020101394201,2004-08-13 12:00:00+00:00,67.4,41N37W24DDDD (JA-80A),Oglala Lakota,2004,8
433020101394201,1990-06-27 12:00:00+00:00,71.6,41N37W24DDDD (JA-80A),Oglala Lakota,1990,6
433020101394201,1992-05-28 12:00:00+00:00,71.6,41N37W24DDDD (JA-80A),Oglala Lakota,1992,5
433020101394201,2023-06-07 19:00:00+00:00,61.68,41N37W24DDDD (JA-80A),Oglala Lakota,2023,6
433020101394201,1990-08-10 12:00:00+00:00,71.6,41N37W24DDDD (JA-80A),Oglala Lakota,1990,8
433020101394201,1995-04-27 12:00:00+00:00,72.1,41N37W24DDDD (JA-80A),Oglala Lakota,1995,4
433020101394201,2017-06-19 12:00:00+00:00,63.92,41N37W24DDDD (JA-80A),Oglala Lakota,2017,6
433020101394201,1998-05-19 12:00:00+00:00,67.5,41N37W24DDDD (JA-80A),Oglala Lakota,1998,5
433020101394201,1997-12-03 12:00:00+00:00,67.9,41N37W24DDDD (JA-80A),Oglala Lakota,1997,12
433020101394201,2022-09-20 19:00:00+00:00,60.93,41N37W24DDDD (JA-80A),Oglala Lakota,2022,9
433020101394201,2001-05-16 12:00:00+00:00,64.6,41N37W24DDDD (JA-80A),Oglala Lakota,2001,5
433020101394201,1983-03-17 12:00:00+00:00,71.6,41N37W24DDDD (JA-80A),Oglala Lakota,1983,3
433020101394201,1981-04-09 12:00:00+00:00,71.5,41N37W24DDDD (JA-80A),Oglala Lakota,1981,4
433020101394201,1999-09-22 12:00:00+00:00,66.0,41N37W24DDDD (JA-80A),Oglala Lakota,1999,9
433020101394201,1994-03-09 12:00:00+00:00,72.7,41N37W24DDDD (JA-80A),Oglala Lakota,1994,3
433020101394201,2021-08-11 19:00:00+00:00,59.23,41N37W24DDDD (JA-80A),Oglala Lakota,2021,8
433020101394201,2010-06-16 12:00:00+00:00,64.3,41N37W24DDDD (JA-80A),Oglala Lakota,2010,6
433020101394201,1990-05-24 12:00:00+00:00,71.5,41N37W24DDDD (JA-80A),Oglala Lakota,1990,5
433020101394201,1986-08-22 12:00:00+00:00,71.7,41N37W24DDDD (JA-80A),Oglala Lakota,1986,8
433020101394201,2000-04-04 12:00:00+00:00,65.3,41N37W24DDDD (JA-80A),Oglala Lakota,2000,4
433020101394201,2002-07-25 12:00:00+00:00,64.7,41N37W24DDDD (JA-80A),Oglala Lakota,2002,7
433020101394201,1987-11-05 12:00:00+00:00,73.2,41N37W24DDDD (JA-80A),Oglala Lakota,1987,11
433020101394201,1989-07-11 12:00:00+00:00,72.1,41N37W24DDDD (JA-80A),Oglala Lakota,1989,7
433020101394201,1997-10-01 12:00:00+00:00,68.1,41N37W24DDDD (JA-80A),Oglala Lakota,1997,10
433020101394201,1991-09-18 12:00:00+00:00,71.3,41N37W24DDDD (JA-80A),Oglala Lakota,1991,9
433020101394201,2017-08-21 12:00:00+00:00,65.38,41N37W24DDDD (JA-80A),Oglala Lakota,2017,8
433020101394201,2003-06-02 12:00:00+00:00,65.2,41N37W24DDDD (JA-80A),Oglala Lakota,2003,6
433020101394201,1982-08-18 12:00:00+00:00,71.5,41N37W24DDDD (JA-80A),Oglala Lakota,1982,8
433020101394201,2022-07-28 19:00:00+00:00,65.41,41N37W24DDDD (JA-80A),Oglala Lakota,2022,7
433020101394201,1981-08-06 12:00:00+00:00,72.9,41N37W24DDDD (JA-80A),Oglala Lakota,1981,8
433020101394201,1989-08-17 12:00:00+00:00,72.5,41N37W24DDDD (JA-80A),Oglala Lakota,1989,8
433020101394201,2015-08-06 12:00:00+00:00,63.5,41N37W24DDDD (JA-80A),Oglala Lakota,2015,8
433020101394201,1999-07-28 12:00:00+00:00,66.2,41N37W24DDDD (JA-80A),Oglala Lakota,1999,7
433020101394201,2007-11-27 12:00:00+00:00,67.8,41N37W24DDDD (JA-80A),Oglala Lakota,2007,11
433020101394201,2021-06-07 19:00:00+00:00,59.04,41N37W24DDDD (JA-80A),Oglala Lakota,2021,6
433020101394201,2007-10-02 12:00:00+00:00,67.9,41N37W24DDDD (JA-80A),Oglala Lakota,2007,10
433020101394201,1988-04-14 12:00:00+00:00,72.6,41N37W24DDDD (JA-80A),Oglala Lakota,1988,4
433020101394201,1989-11-02 12:00:00+00:00,71.6,41N37W24DDDD (JA-80A),Oglala Lakota,1989,11
433020101394201,2000-07-08 12:00:00+00:00,65.0,41N37W24DDDD (JA-80A),Oglala Lakota,2000,7
433020101394201,2009-07-09 12:00:00+00:00,65.3,41N37W24DDDD (JA-80A),Oglala Lakota,2009,7
433020101394201,2017-09-25 12:00:00+00:00,65.18,41N37W24DDDD (JA-80A),Oglala Lakota,2017,9
433020101394201,1989-09-07 12:00:00+00:00,72.1,41N37W24DDDD (JA-80A),Oglala Lakota,1989,9
433020101394201,1997-07-15 12:00:00+00:00,68.4,41N37W24DDDD (JA-80A),Oglala Lakota,1997,7
433020101394201,2004-11-12 12:00:00+00:00,66.4,41N37W24DDDD (JA-80A),Oglala Lakota,2004,11
433020101394201,2013-05-16 12:00:00+00:00,64.0,41N37W24DDDD (JA-80A),Oglala Lakota,2013,5
433020101394201,1990-10-03 12:00:00+00:00,71.4,41N37W24DDDD (JA-80A),Oglala Lakota,1990,10
433020101394201,1987-04-09 12:00:00+00:00,71.3,41N37W24DDDD (JA-80A),Oglala Lakota,1987,4
433020101394201,1982-10-21 12:00:00+00:00,71.7,41N37W24DDDD (JA-80A),Oglala Lakota,1982,10
433020101394201,1994-06-29 12:00:00+00:00,72.5,41N37W24DDDD (JA-80A),Oglala Lakota,1994,6
433020101394201,1996-10-25 12:00:00+00:00,70.2,41N37W24DDDD (JA-80A),Oglala Lakota,1996,10
433020101394201,2019-08-27 12:00:00+00:00,60.81,41N37W24DDDD (JA-80A),Oglala Lakota,2019,8
433020101394201,1982-06-09 12:00:00+00:00,72.0,41N37W24DDDD (JA-80A),Oglala Lakota,1982,6
433020101394201,2004-10-12 12:00:00+00:00,67.0,41N37W24DDDD (JA-80A),Oglala Lakota,2004,10
433020101394201,1992-09-30 12:00:00+00:00,73.4,41N37W24DDDD (JA-80A),Oglala Lakota,1992,9
433020101394201,1981-11-06 12:00:00+00:00,72.9,41N37W24DDDD (JA-80A),Oglala Lakota,1981,11
433020101394201,2005-08-10 12:00:00+00:00,66.7,41N37W24DDDD (JA-80A),Oglala Lakota,2005,8
433020101394201,2014-03-17 12:00:00+00:00,64.2,41N37W24DDDD (JA-80A),Oglala Lakota,2014,3
433020101394201,2007-06-13 12:00:00+00:00,67.7,41N37W24DDDD (JA-80A),Oglala Lakota,2007,6
433020101394201,2021-07-26 19:00:00+00:00,59.27,41N37W24DDDD (JA-80A),Oglala Lakota,2021,7
433020101394201,1998-09-16 12:00:00+00:00,67.2,41N37W24DDDD (JA-80A),Oglala Lakota,1998,9
433020101394201,1989-06-01 12:00:00+00:00,71.9,41N37W24DDDD (JA-80A),Oglala Lakota,1989,6
433020101394201,2017-07-17 12:00:00+00:00,66.49,41N37W24DDDD (JA-80A),Oglala Lakota,2017,7
433020101394201,2007-08-10 12:00:00+00:00,67.7,41N37W24DDDD (JA-80A),Oglala Lakota,2007,8
433020101394201,1998-06-24 12:00:00+00:00,67.3,41N37W24DDDD (JA-80A),Oglala Lakota,1998,6
433020101394201,2013-07-18 12:00:00+00:00,64.3,41N37W24DDDD (JA-80A),Oglala Lakota,2013,7
433020101394201,1994-04-13 12:00:00+00:00,72.5,41N37W24DDDD (JA-80A),Oglala Lakota,1994,4
433020101394201,2007-10-30 12:00:00+00:00,67.9,41N37W24DDDD (JA-80A),Oglala Lakota,2007,10
433020101394201,1990-11-29 12:00:00+00:00,71.4,41N37W24DDDD (JA-80A),Oglala Lakota,1990,11
433020101394201,2003-07-22 12:00:00+00:00,65.4,41N37W24DDDD (JA-80A),Oglala Lakota,2003,7
433020101394201,1995-07-26 12:00:00+00:00,71.8,41N37W24DDDD (JA-80A),Oglala Lakota,1995,7
433020101394201,1987-07-27 12:00:00+00:00,71.4,41N37W24DDDD (JA-80A),Oglala Lakota,1987,7
433020101394201,2018-07-19 12:00:00+00:00,63.0,41N37W24DDDD (JA-80A),Oglala Lakota,2018,7
433020101394201,2000-05-12 12:00:00+00:00,65.1,41N37W24DDDD (JA-80A),Oglala Lakota,2000,5
433020101394201,2006-07-19 12:00:00+00:00,67.3,41N37W24DDDD (JA-80A),Oglala Lakota,2006,7
433020101394201,1992-07-29 12:00:00+00:00,73.5,41N37W24DDDD (JA-80A),Oglala Lakota,1992,7
430055101440002,1982-07-29 12:00:00+00:00,22.8,40N37W30DDDD2 (JA-79A),Oglala Lakota,1982,7
430055101440002,1990-04-04 12:00:00+00:00,24.9,40N37W30DDDD2 (JA-79A),Oglala Lakota,1990,4
430055101440002,1983-08-26 12:00:00+00:00,22.8,40N37W30DDDD2 (JA-79A),Oglala Lakota,1983,8
430055101440002,1984-04-23 12:00:00+00:00,22.4,40N37W30DDDD2 (JA-79A),Oglala Lakota,1984,4
430055101440002,2008-08-05 12:00:00+00:00,26.3,40N37W30DDDD2 (JA-79A),Oglala Lakota,2008,8
430055101440002,2004-08-11 12:00:00+00:00,26.4,40N37W30DDDD2 (JA-79A),Oglala Lakota,2004,8
430055101440002,2009-09-28 12:00:00+00:00,25.2,40N37W30DDDD2 (JA-79A),Oglala Lakota,2009,9
430055101440002,2010-11-11 12:00:00+00:00,25.0,40N37W30DDDD2 (JA-79A),Oglala Lakota,2010,11
430055101440002,1994-06-29 12:00:00+00:00,23.5,40N37W30DDDD2 (JA-79A),Oglala Lakota,1994,6
430055101440002,2017-09-25 12:00:00+00:00,26.02,40N37W30DDDD2 (JA-79A),Oglala Lakota,2017,9
430055101440002,2013-07-18 12:00:00+00:00,25.8,40N37W30DDDD2 (JA-79A),Oglala Lakota,2013,7
430055101440002,1985-08-07 12:00:00+00:00,25.2,40N37W30DDDD2 (JA-79A),Oglala Lakota,1985,8
430055101440002,2007-06-16 12:00:00+00:00,26.3,40N37W30DDDD2 (JA-79A),Oglala Lakota,2007,6
430055101440002,2005-03-31 12:00:00+00:00,26.0,40N37W30DDDD2 (JA-79A),Oglala Lakota,2005,3
430055101440002,1981-11-06 12:00:00+00:00,26.0,40N37W30DDDD2 (JA-79A),Oglala Lakota,1981,11
430055101440002,1987-04-09 12:00:00+00:00,22.8,40N37W30DDDD2 (JA-79A),Oglala Lakota,1987,4
430055101440002,2018-07-19 12:00:00+00:00,24.33,40N37W30DDDD2 (JA-79A),Oglala Lakota,2018,7
430055101440002,2015-08-06 12:00:00+00:00,22.9,40N37W30DDDD2 (JA-79A),Oglala Lakota,2015,8
430055101440002,2009-11-23 12:00:00+00:00,25.2,40N37W30DDDD2 (JA-79A),Oglala Lakota,2009,11
430055101440002,1980-06-26 12:00:00+00:00,23.7,40N37W30DDDD2 (JA-79A),Oglala Lakota,1980,6
430055101440002,2006-06-28 12:00:00+00:00,26.3,40N37W30DDDD2 (JA-79A),Oglala Lakota,2006,6
430055101440002,2014-03-17 12:00:00+00:00,25.3,40N37W30DDDD2 (JA-79A),Oglala Lakota,2014,3
430055101440002,2017-06-19 12:00:00+00:00,24.36,40N37W30DDDD2 (JA-79A),Oglala Lakota,2017,6
430055101440002,2016-07-07 12:00:00+00:00,23.9,40N37W30DDDD2 (JA-79A),Oglala Lakota,2016,7
430055101440002,1996-10-25 12:00:00+00:00,24.0,40N37W30DDDD2 (JA-79A),Oglala Lakota,1996,10
430055101440002,2000-10-25 12:00:00+00:00,24.3,40N37W30DDDD2 (JA-79A),Oglala Lakota,2000,10
430055101440002,1984-06-14 12:00:00+00:00,22.8,40N37W30DDDD2 (JA-79A),Oglala Lakota,1984,6
430055101440002,1991-10-23 12:00:00+00:00,25.7,40N37W30DDDD2 (JA-79A),Oglala Lakota,1991,10
430055101440002,2001-06-28 12:00:00+00:00,23.3,40N37W30DDDD2 (JA-79A),Oglala Lakota,2001,6
430055101440002,1999-05-17 12:00:00+00:00,22.3,40N37W30DDDD2 (JA-79A),Oglala Lakota,1999,5
430055101440002,2004-06-18 12:00:00+00:00,25.8,40N37W30DDDD2 (JA-79A),Oglala Lakota,2004,6
430055101440002,2000-04-04 12:00:00+00:00,23.1,40N37W30DDDD2 (JA-79A),Oglala Lakota,2000,4
430055101440002,1994-04-13 12:00:00+00:00,23.2,40N37W30DDDD2 (JA-79A),Oglala Lakota,1994,4
430055101440002,1990-10-03 12:00:00+00:00,25.3,40N37W30DDDD2 (JA-79A),Oglala Lakota,1990,10
430055101440002,2022-07-28 19:00:00+00:00,23.47,40N37W30DDDD2 (JA-79A),Oglala Lakota,2022,7
430055101440002,2007-05-18 12:00:00+00:00,26.1,40N37W30DDDD2 (JA-79A),Oglala Lakota,2007,5
430055101440002,1984-08-07 12:00:00+00:00,24.1,40N37W30DDDD2 (JA-79A),Oglala Lakota,1984,8
430055101440002,1983-07-28 12:00:00+00:00,22.9,40N37W30DDDD2 (JA-79A),Oglala Lakota,1983,7
430055101440002,1997-10-01 12:00:00+00:00,21.6,40N37W30DDDD2 (JA-79A),Oglala Lakota,1997,10
430055101440002,2004-11-12 12:00:00+00:00,26.5,40N37W30DDDD2 (JA-79A),Oglala Lakota,2004,11
430055101440002,2004-03-24 12:00:00+00:00,25.3,40N37W30DDDD2 (JA-79A),Oglala Lakota,2004,3
430055101440002,1997-12-03 12:00:00+00:00,21.9,40N37W30DDDD2 (JA-79A),Oglala Lakota,1997,12
430055101440002,2006-06-08 12:00:00+00:00,26.0,40N37W30DDDD2 (JA-79A),Oglala Lakota,2006,6
430055101440002,2001-08-30 12:00:00+00:00,24.2,40N37W30DDDD2 (JA-79A),Oglala Lakota,2001,8
430055101440002,2010-06-16 12:00:00+00:00,23.5,40N37W30DDDD2 (JA-79A),Oglala Lakota,2010,6
430055101440002,2007-10-02 12:00:00+00:00,27.6,40N37W30DDDD2 (JA-79A),Oglala Lakota,2007,10
430055101440002,1997-08-20 12:00:00+00:00,20.8,40N37W30DDDD2 (JA-79A),Oglala Lakota,1997,8
430055101440002,2001-03-28 12:00:00+00:00,23.0,40N37W30DDDD2 (JA-79A),Oglala Lakota,2001,3
430055101440002,2005-10-09 12:00:00+00:00,26.7,40N37W30DDDD2 (JA-79A),Oglala Lakota,2005,10
430055101440002,2015-08-26 12:00:00+00:00,23.3,40N37W30DDDD2 (JA-79A),Oglala Lakota,2015,8
430055101440002,1992-05-28 12:00:00+00:00,25.1,40N37W30DDDD2 (JA-79A),Oglala Lakota,1992,5
430055101440002,2016-08-11 12:00:00+00:00,24.44,40N37W30DDDD2 (JA-79A),Oglala Lakota,2016,8
430055101440002,2013-09-27 12:00:00+00:00,26.5,40N37W30DDDD2 (JA-79A),Oglala Lakota,2013,9
430055101440002,1990-06-27 12:00:00+00:00,23.3,40N37W30DDDD2 (JA-79A),Oglala Lakota,1990,6
430055101440002,2004-10-12 12:00:00+00:00,26.6,40N37W30DDDD2 (JA-79A),Oglala Lakota,2004,10
430055101440002,2008-12-29 12:00:00+00:00,26.3,40N37W30DDDD2 (JA-79A),Oglala Lakota,2008,12
430055101440002,2010-05-17 12:00:00+00:00,23.5,40N37W30DDDD2 (JA-79A),Oglala Lakota,2010,5
430055101440002,2009-12-21 12:00:00+00:00,25.1,40N37W30DDDD2 (JA-79A),Oglala Lakota,2009,12
430055101440002,2012-07-25 12:00:00+00:00,25.3,40N37W30DDDD2 (JA-79A),Oglala Lakota,2012,7
430055101440002,1980-05-08 12:00:00+00:00,23.5,40N37W30DDDD2 (JA-79A),Oglala Lakota,1980,5
430055101440002,1984-09-26 12:00:00+00:00,24.9,40N37W30DDDD2 (JA-79A),Oglala Lakota,1984,9
430055101440002,2025-07-01 02:49:00+00:00,24.79,40N37W30DDDD2 (JA-79A),Oglala Lakota,2025,7
430055101440002,1993-08-25 12:00:00+00:00,24.0,40N37W30DDDD2 (JA-79A),Oglala Lakota,1993,8
430055101440002,2002-08-22 12:00:00+00:00,25.3,40N37W30DDDD2 (JA-79A),Oglala Lakota,2002,8
430055101440002,2006-07-19 12:00:00+00:00,26.7,40N37W30DDDD2 (JA-79A),Oglala Lakota,2006,7
430055101440002,1987-10-01 12:00:00+00:00,25.0,40N37W30DDDD2 (JA-79A),Oglala Lakota,1987,10
430055101440002,1981-04-09 12:00:00+00:00,24.2,40N37W30DDDD2 (JA-79A),Oglala Lakota,1981,4
430055101440002,2011-10-17 12:00:00+00:00,24.5,40N37W30DDDD2 (JA-79A),Oglala Lakota,2011,10
430055101440002,2002-07-25 12:00:00+00:00,24.8,40N37W30DDDD2 (JA-79A),Oglala Lakota,2002,7
430055101440002,2015-07-16 12:00:00+00:00,22.5,40N37W30DDDD2 (JA-79A),Oglala Lakota,2015,7
430055101440002,2005-06-16 12:00:00+00:00,25.7,40N37W30DDDD2 (JA-79A),Oglala Lakota,2005,6
430055101440002,2001-11-07 12:00:00+00:00,24.5,40N37W30DDDD2 (JA-79A),Oglala Lakota,2001,11
430055101440002,1987-06-17 12:00:00+00:00,22.9,40N37W30DDDD2 (JA-79A),Oglala Lakota,1987,6
430055101440002,2021-08-11 19:00:00+00:00,24.25,40N37W30DDDD2 (JA-79A),Oglala Lakota,2021,8
430055101440002,2016-07-25 12:00:00+00:00,24.19,40N37W30DDDD2 (JA-79A),Oglala Lakota,2016,7
430055101440002,1986-03-27 12:00:00+00:00,23.0,40N37W30DDDD2 (JA-79A),Oglala Lakota,1986,3
430055101440002,2005-08-10 12:00:00+00:00,26.2,40N37W30DDDD2 (JA-79A),Oglala Lakota,2005,8
430055101440002,2017-08-21 12:00:00+00:00,26.13,40N37W30DDDD2 (JA-79A),Oglala Lakota,2017,8
430055101440002,1981-08-27 12:00:00+00:00,25.7,40N37W30DDDD2 (JA-79A),Oglala Lakota,1981,8
430055101440002,2007-11-27 12:00:00+00:00,27.1,40N37W30DDDD2 (JA-79A),Oglala Lakota,2007,11
430055101440002,1993-05-12 12:00:00+00:00,25.0,40N37W30DDDD2 (JA-79A),Oglala Lakota,1993,5
430055101440002,2023-07-12 22:56:00+00:00,23.72,40N37W30DDDD2 (JA-79A),Oglala Lakota,2023,7
430055101440002,1995-07-26 12:00:00+00:00,23.3,40N37W30DDDD2 (JA-79A),Oglala Lakota,1995,7
430055101440002,1989-11-02 12:00:00+00:00,25.5,40N37W30DDDD2 (JA-79A),Oglala Lakota,1989,11
430055101440002,2002-10-01 12:00:00+00:00,25.4,40N37W30DDDD2 (JA-79A),Oglala Lakota,2002,10
430055101440002,2009-08-04 12:00:00+00:00,24.7,40N37W30DDDD2 (JA-79A),Oglala Lakota,2009,8
430055101440002,2013-06-14 12:00:00+00:00,25.3,40N37W30DDDD2 (JA-79A),Oglala Lakota,2013,6
430055101440002,1991-06-13 12:00:00+00:00,24.6,40N37W30DDDD2 (JA-79A),Oglala Lakota,1991,6
430055101440002,1983-03-17 12:00:00+00:00,23.8,40N37W30DDDD2 (JA-79A),Oglala Lakota,1983,3
430055101440002,1980-07-17 12:00:00+00:00,24.9,40N37W30DDDD2 (JA-79A),Oglala Lakota,1980,7
430055101440002,1991-04-18 12:00:00+00:00,24.9,40N37W30DDDD2 (JA-79A),Oglala Lakota,1991,4
430055101440002,2021-06-23 19:00:00+00:00,23.73,40N37W30DDDD2 (JA-79A),Oglala Lakota,2021,6
430055101440002,2011-07-28 12:00:00+00:00,23.6,40N37W30DDDD2 (JA-79A),Oglala Lakota,2011,7
430055101440002,1989-08-17 12:00:00+00:00,24.4,40N37W30DDDD2 (JA-79A),Oglala Lakota,1989,8
430055101440002,1991-09-18 12:00:00+00:00,25.9,40N37W30DDDD2 (JA-79A),Oglala Lakota,1991,9
430055101440002,2007-08-10 12:00:00+00:00,27.3,40N37W30DDDD2 (JA-79A),Oglala Lakota,2007,8
430055101440002,2005-05-18 12:00:00+00:00,25.6,40N37W30DDDD2 (JA-79A),Oglala Lakota,2005,5
430055101440002,1999-06-24 12:00:00+00:00,22.3,40N37W30DDDD2 (JA-79A),Oglala Lakota,1999,6
430055101440002,2017-07-17 12:00:00+00:00,24.82,40N37W30DDDD2 (JA-79A),Oglala Lakota,2017,7
430055101440002,1992-07-29 12:00:00+00:00,26.3,40N37W30DDDD2 (JA-79A),Oglala Lakota,1992,7
430055101440002,2008-08-20 12:00:00+00:00,26.1,40N37W30DDDD2 (JA-79A),Oglala Lakota,2008,8
430055101440002,1988-06-29 12:00:00+00:00,23.3,40N37W30DDDD2 (JA-79A),Oglala Lakota,1988,6
430055101440002,2014-10-20 12:00:00+00:00,25.1,40N37W30DDDD2 (JA-79A),Oglala Lakota,2014,10
430055101440002,2008-04-22 12:00:00+00:00,25.9,40N37W30DDDD2 (JA-79A),Oglala Lakota,2008,4
430055101440002,2001-09-26 12:00:00+00:00,24.5,40N37W30DDDD2 (JA-79A),Oglala Lakota,2001,9
430055101440002,1993-06-10 12:00:00+00:00,24.9,40N37W30DDDD2 (JA-79A),Oglala Lakota,1993,6
430055101440002,2021-07-26 19:00:00+00:00,24.07,40N37W30DDDD2 (JA-79A),Oglala Lakota,2021,7
430055101440002,2007-07-13 12:00:00+00:00,26.7,40N37W30DDDD2 (JA-79A),Oglala Lakota,2007,7
430055101440002,1991-08-14 12:00:00+00:00,25.4,40N37W30DDDD2 (JA-79A),Oglala Lakota,1991,8
430055101440002,2008-09-17 12:00:00+00:00,26.5,40N37W30DDDD2 (JA-79A),Oglala Lakota,2008,9
430055101440002,1999-07-28 12:00:00+00:00,22.7,40N37W30DDDD2 (JA-79A),Oglala Lakota,1999,7
430055101440002,1992-04-29 12:00:00+00:00,24.8,40N37W30DDDD2 (JA-79A),Oglala Lakota,1992,4
430055101440002,2013-08-16 12:00:00+00:00,26.1,40N37W30DDDD2 (JA-79A),Oglala Lakota,2013,8
430055101440002,2009-05-06 12:00:00+00:00,24.5,40N37W30DDDD2 (JA-79A),Oglala Lakota,2009,5
430055101440002,1988-08-10 12:00:00+00:00,24.2,40N37W30DDDD2 (JA-79A),Oglala Lakota,1988,8
430055101440002,1985-06-19 12:00:00+00:00,24.6,40N37W30DDDD2 (JA-79A),Oglala Lakota,1985,6
430055101440002,1991-07-25 12:00:00+00:00,25.1,40N37W30DDDD2 (JA-79A),Oglala Lakota,1991,7
430055101440002,1983-06-23 12:00:00+00:00,22.4,40N37W30DDDD2 (JA-79A),Oglala Lakota,1983,6
430055101440002,1983-04-27 12:00:00+00:00,23.1,40N37W30DDDD2 (JA-79A),Oglala Lakota,1983,4
430055101440002,1986-12-17 12:00:00+00:00,24.2,40N37W30DDDD2 (JA-79A),Oglala Lakota,1986,12
430055101440002,1998-05-19 12:00:00+00:00,22.3,40N37W30DDDD2 (JA-79A),Oglala Lakota,1998,5
430055101440002,1989-09-17 12:00:00+00:00,24.2,40N37W30DDDD2 (JA-79A),Oglala Lakota,1989,9
430055101440002,1981-12-22 12:00:00+00:00,25.7,40N37W30DDDD2 (JA-79A),Oglala Lakota,1981,12
430055101440002,1998-06-24 12:00:00+00:00,22.2,40N37W30DDDD2 (JA-79A),Oglala Lakota,1998,6
430055101440002,2003-06-02 12:00:00+00:00,24.9,40N37W30DDDD2 (JA-79A),Oglala Lakota,2003,6
430055101440002,1986-08-22 12:00:00+00:00,23.8,40N37W30DDDD2 (JA-79A),Oglala Lakota,1986,8
430055101440002,2021-07-19 19:00:00+00:00,24.07,40N37W30DDDD2 (JA-79A),Oglala Lakota,2021,7
430055101440002,1992-09-30 12:00:00+00:00,26.8,40N37W30DDDD2 (JA-79A),Oglala Lakota,1992,9
430055101440002,1996-07-30 12:00:00+00:00,23.6,40N37W30DDDD2 (JA-79A),Oglala Lakota,1996,7
430055101440002,1981-08-06 12:00:00+00:00,26.0,40N37W30DDDD2 (JA-79A),Oglala Lakota,1981,8
430055101440002,2004-08-13 12:00:00+00:00,26.5,40N37W30DDDD2 (JA-79A),Oglala Lakota,2004,8
430055101440002,2009-09-03 12:00:00+00:00,25.0,40N37W30DDDD2 (JA-79A),Oglala Lakota,2009,9
430055101440002,1980-08-07 12:00:00+00:00,24.2,40N37W30DDDD2 (JA-79A),Oglala Lakota,1980,8
430055101440002,1985-07-16 12:00:00+00:00,25.0,40N37W30DDDD2 (JA-79A),Oglala Lakota,1985,7
430055101440002,2018-05-18 12:00:00+00:00,24.12,40N37W30DDDD2 (JA-79A),Oglala Lakota,2018,5
430055101440002,1993-07-14 12:00:00+00:00,24.3,40N37W30DDDD2 (JA-79A),Oglala Lakota,1993,7
430055101440002,1999-08-25 12:00:00+00:00,23.2,40N37W30DDDD2 (JA-79A),Oglala Lakota,1999,8
430055101440002,1988-10-06 12:00:00+00:00,25.0,40N37W30DDDD2 (JA-79A),Oglala Lakota,1988,10
430055101440002,2008-06-18 12:00:00+00:00,25.5,40N37W30DDDD2 (JA-79A),Oglala Lakota,2008,6
430055101440002,2007-10-30 12:00:00+00:00,27.2,40N37W30DDDD2 (JA-79A),Oglala Lakota,2007,10
430055101440002,2016-06-16 12:00:00+00:00,23.69,40N37W30DDDD2 (JA-79A),Oglala Lakota,2016,6
430055101440002,1987-11-05 12:00:00+00:00,25.0,40N37W30DDDD2 (JA-79A),Oglala Lakota,1987,11
430055101440002,2022-06-30 19:00:00+00:00,20.08,40N37W30DDDD2 (JA-79A),Oglala Lakota,2022,6
430055101440002,1993-10-27 12:00:00+00:00,24.3,40N37W30DDDD2 (JA-79A),Oglala Lakota,1993,10
430055101440002,2013-05-16 12:00:00+00:00,25.3,40N37W30DDDD2 (JA-79A),Oglala Lakota,2013,5
430055101440002,2005-11-15 12:00:00+00:00,26.7,40N37W30DDDD2 (JA-79A),Oglala Lakota,2005,11
430055101440002,1992-06-18 12:00:00+00:00,25.3,40N37W30DDDD2 (JA-79A),Oglala Lakota,1992,6
430055101440002,2023-08-09 22:30:00+00:00,23.91,40N37W30DDDD2 (JA-79A),Oglala Lakota,2023,8
430055101440002,1998-09-16 12:00:00+00:00,22.8,40N37W30DDDD2 (JA-79A),Oglala Lakota,1998,9
430055101440002,1995-08-30 12:00:00+00:00,23.9,40N37W30DDDD2 (JA-79A),Oglala Lakota,1995,8
430055101440002,2007-12-17 12:00:00+00:00,26.9,40N37W30DDDD2 (JA-79A),Oglala Lakota,2007,12
430055101440002,1995-04-27 12:00:00+00:00,24.3,40N37W30DDDD2 (JA-79A),Oglala Lakota,1995,4
430055101440002,2014-05-29 12:00:00+00:00,25.3,40N37W30DDDD2 (JA-79A),Oglala Lakota,2014,5
430055101440002,1999-10-27 12:00:00+00:00,23.5,40N37W30DDDD2 (JA-79A),Oglala Lakota,1999,10
430055101440002,2006-05-18 12:00:00+00:00,25.8,40N37W30DDDD2 (JA-79A),Oglala Lakota,2006,5
430055101440002,2002-06-28 12:00:00+00:00,24.4,40N37W30DDDD2 (JA-79A),Oglala Lakota,2002,6
430055101440002,2023-06-07 19:00:00+00:00,23.36,40N37W30DDDD2 (JA-79A),Oglala Lakota,2023,6
430055101440002,2018-08-09 12:00:00+00:00,24.37,40N37W30DDDD2 (JA-79A),Oglala Lakota,2018,8
430055101440002,1989-04-20 12:00:00+00:00,23.9,40N37W30DDDD2 (JA-79A),Oglala Lakota,1989,4
430055101440002,2000-08-23 12:00:00+00:00,24.0,40N37W30DDDD2 (JA-79A),Oglala Lakota,2000,8
430055101440002,2016-05-12 12:00:00+00:00,23.7,40N37W30DDDD2 (JA-79A),Oglala Lakota,2016,5
430055101440002,2003-06-24 12:00:00+00:00,25.1,40N37W30DDDD2 (JA-79A),Oglala Lakota,2003,6
430055101440002,2005-07-14 12:00:00+00:00,26.0,40N37W30DDDD2 (JA-79A),Oglala Lakota,2005,7
430055101440002,2004-07-16 12:00:00+00:00,26.1,40N37W30DDDD2 (JA-79A),Oglala Lakota,2004,7
430055101440002,2010-07-14 12:00:00+00:00,23.8,40N37W30DDDD2 (JA-79A),Oglala Lakota,2010,7
430055101440002,1980-11-17 12:00:00+00:00,24.7,40N37W30DDDD2 (JA-79A),Oglala Lakota,1980,11
430055101440002,2019-06-10 12:00:00+00:00,20.93,40N37W30DDDD2 (JA-79A),Oglala Lakota,2019,6
430055101440002,1988-12-08 12:00:00+00:00,24.9,40N37W30DDDD2 (JA-79A),Oglala Lakota,1988,12
430055101440002,2008-10-14 12:00:00+00:00,26.9,40N37W30DDDD2 (JA-79A),Oglala Lakota,2008,10
430055101440002,1985-10-03 12:00:00+00:00,25.4,40N37W30DDDD2 (JA-79A),Oglala Lakota,1985,10
430055101440002,2009-03-19 12:00:00+00:00,24.9,40N37W30DDDD2 (JA-79A),Oglala Lakota,2009,3
430055101440002,2022-09-20 19:00:00+00:00,25.45,40N37W30DDDD2 (JA-79A),Oglala Lakota,2022,9
430055101440002,2003-11-17 12:00:00+00:00,25.8,40N37W30DDDD2 (JA-79A),Oglala Lakota,2003,11
430055101440002,2018-05-07 12:00:00+00:00,24.2,40N37W30DDDD2 (JA-79A),Oglala Lakota,2018,5
430055101440002,1983-05-24 12:00:00+00:00,22.0,40N37W30DDDD2 (JA-79A),Oglala Lakota,1983,5
430055101440002,1994-05-19 12:00:00+00:00,23.5,40N37W30DDDD2 (JA-79A),Oglala Lakota,1994,5
430055101440002,1980-06-04 12:00:00+00:00,23.4,40N37W30DDDD2 (JA-79A),Oglala Lakota,1980,6
430055101440002,2011-09-01 12:00:00+00:00,24.0,40N37W30DDDD2 (JA-79A),Oglala Lakota,2011,9
430055101440002,2018-06-06 12:00:00+00:00,24.44,40N37W30DDDD2 (JA-79A),Oglala Lakota,2018,6
430055101440002,1981-05-21 12:00:00+00:00,25.3,40N37W30DDDD2 (JA-79A),Oglala Lakota,1981,5
430055101440002,1990-11-29 12:00:00+00:00,25.1,40N37W30DDDD2 (JA-79A),Oglala Lakota,1990,11
430055101440002,1993-03-24 12:00:00+00:00,25.1,40N37W30DDDD2 (JA-79A),Oglala Lakota,1993,3
430055101440002,2010-10-19 12:00:00+00:00,25.0,40N37W30DDDD2 (JA-79A),Oglala Lakota,2010,10
430055101440002,1999-08-12 12:00:00+00:00,22.7,40N37W30DDDD2 (JA-79A),Oglala Lakota,1999,8
430055101440002,1995-09-27 12:00:00+00:00,24.1,40N37W30DDDD2 (JA-79A),Oglala Lakota,1995,9
430055101440002,1993-09-15 12:00:00+00:00,24.2,40N37W30DDDD2 (JA-79A),Oglala Lakota,1993,9
430055101440002,2009-06-01 12:00:00+00:00,24.7,40N37W30DDDD2 (JA-79A),Oglala Lakota,2009,6
430055101440002,2004-05-21 12:00:00+00:00,25.4,40N37W30DDDD2 (JA-79A),Oglala Lakota,2004,5
430055101440002,2006-08-18 12:00:00+00:00,27.2,40N37W30DDDD2 (JA-79A),Oglala Lakota,2006,8
430055101440002,2017-05-01 12:00:00+00:00,24.0,40N37W30DDDD2 (JA-79A),Oglala Lakota,2017,5
430055101440002,1987-05-14 12:00:00+00:00,22.6,40N37W30DDDD2 (JA-79A),Oglala Lakota,1987,5
430055101440002,2008-07-22 12:00:00+00:00,26.0,40N37W30DDDD2 (JA-79A),Oglala Lakota,2008,7
430055101440002,2001-08-02 12:00:00+00:00,23.7,40N37W30DDDD2 (JA-79A),Oglala Lakota,2001,8
430055101440002,1981-07-22 12:00:00+00:00,26.1,40N37W30DDDD2 (JA-79A),Oglala Lakota,1981,7
430055101440002,1990-08-10 12:00:00+00:00,24.3,40N37W30DDDD2 (JA-79A),Oglala Lakota,1990,8
430055101440002,1983-10-06 12:00:00+00:00,23.3,40N37W30DDDD2 (JA-79A),Oglala Lakota,1983,10
430055101440002,1996-09-23 12:00:00+00:00,24.1,40N37W30DDDD2 (JA-79A),Oglala Lakota,1996,9
430055101440002,1987-08-04 12:00:00+00:00,24.3,40N37W30DDDD2 (JA-79A),Oglala Lakota,1987,8
430055101440002,2010-09-15 12:00:00+00:00,24.8,40N37W30DDDD2 (JA-79A),Oglala Lakota,2010,9
430055101440002,1995-05-24 12:00:00+00:00,23.9,40N37W30DDDD2 (JA-79A),Oglala Lakota,1995,5
430055101440002,1997-03-12 12:00:00+00:00,21.7,40N37W30DDDD2 (JA-79A),Oglala Lakota,1997,3
430055101440002,2003-07-22 12:00:00+00:00,24.6,40N37W30DDDD2 (JA-79A),Oglala Lakota,2003,7
430055101440002,1984-11-16 12:00:00+00:00,24.8,40N37W30DDDD2 (JA-79A),Oglala Lakota,1984,11
430055101440002,2007-09-07 12:00:00+00:00,27.5,40N37W30DDDD2 (JA-79A),Oglala Lakota,2007,9
430055101440002,1994-08-24 12:00:00+00:00,23.8,40N37W30DDDD2 (JA-79A),Oglala Lakota,1994,8
430055101440002,2003-08-27 12:00:00+00:00,25.9,40N37W30DDDD2 (JA-79A),Oglala Lakota,2003,8
430055101440002,1988-04-14 12:00:00+00:00,23.5,40N37W30DDDD2 (JA-79A),Oglala Lakota,1988,4
430055101440002,1986-06-26 12:00:00+00:00,22.5,40N37W30DDDD2 (JA-79A),Oglala Lakota,1986,6
430055101440002,1981-06-11 12:00:00+00:00,25.6,40N37W30DDDD2 (JA-79A),Oglala Lakota,1981,6
430055101440002,2002-05-29 12:00:00+00:00,24.0,40N37W30DDDD2 (JA-79A),Oglala Lakota,2002,5
430055101440002,2012-08-28 12:00:00+00:00,25.8,40N37W30DDDD2 (JA-79A),Oglala Lakota,2012,8
430055101440002,1987-07-27 12:00:00+00:00,23.8,40N37W30DDDD2 (JA-79A),Oglala Lakota,1987,7
430055101440002,2009-07-09 12:00:00+00:00,25.0,40N37W30DDDD2 (JA-79A),Oglala Lakota,2009,7
430055101440002,1995-06-28 12:00:00+00:00,23.2,40N37W30DDDD2 (JA-79A),Oglala Lakota,1995,6
430055101440002,1992-09-02 12:00:00+00:00,26.5,40N37W30DDDD2 (JA-79A),Oglala Lakota,1992,9
430055101440002,1999-09-22 12:00:00+00:00,23.5,40N37W30DDDD2 (JA-79A),Oglala Lakota,1999,9
430055101440002,2010-08-10 12:00:00+00:00,24.2,40N37W30DDDD2 (JA-79A),Oglala Lakota,2010,8
430055101440002,2002-04-23 12:00:00+00:00,24.0,40N37W30DDDD2 (JA-79A),Oglala Lakota,2002,4
430055101440002,1982-03-11 12:00:00+00:00,24.8,40N37W30DDDD2 (JA-79A),Oglala Lakota,1982,3
430055101440002,2018-06-27 12:00:00+00:00,24.23,40N37W30DDDD2 (JA-79A),Oglala Lakota,2018,6
430055101440002,1984-05-24 12:00:00+00:00,22.5,40N37W30DDDD2 (JA-79A),Oglala Lakota,1984,5
430055101440002,2021-06-07 19:00:00+00:00,23.48,40N37W30DDDD2 (JA-79A),Oglala Lakota,2021,6
430055101440002,2004-09-10 12:00:00+00:00,26.6,40N37W30DDDD2 (JA-79A),Oglala Lakota,2004,9
433100102002101,2018-08-09 12:00:00+00:00,125.65,41N39W19ACAA (JA-79B),Oglala Lakota,2018,8
433100102002101,1983-08-26 12:00:00+00:00,141.6,41N39W19ACAA (JA-79B),Oglala Lakota,1983,8
433100102002101,1984-11-16 12:00:00+00:00,141.0,41N39W19ACAA (JA-79B),Oglala Lakota,1984,11
433100102002101,1993-03-24 12:00:00+00:00,137.8,41N39W19ACAA (JA-79B),Oglala Lakota,1993,3
433100102002101,2005-06-16 12:00:00+00:00,130.3,41N39W19ACAA (JA-79B),Oglala Lakota,2005,6
433100102002101,1988-06-29 12:00:00+00:00,139.8,41N39W19ACAA (JA-79B),Oglala Lakota,1988,6
433100102002101,2004-06-18 12:00:00+00:00,131.1,41N39W19ACAA (JA-79B),Oglala Lakota,2004,6
433100102002101,1986-08-22 12:00:00+00:00,140.5,41N39W19ACAA (JA-79B),Oglala Lakota,1986,8
433100102002101,2006-05-18 12:00:00+00:00,130.0,41N39W19ACAA (JA-79B),Oglala Lakota,2006,5
433100102002101,1991-09-18 12:00:00+00:00,138.9,41N39W19ACAA (JA-79B),Oglala Lakota,1991,9
433100102002101,1990-04-02 12:00:00+00:00,139.2,41N39W19ACAA (JA-79B),Oglala Lakota,1990,4
433100102002101,2014-05-29 12:00:00+00:00,127.3,41N39W19ACAA (JA-79B),Oglala Lakota,2014,5
433100102002101,1983-06-23 12:00:00+00:00,141.8,41N39W19ACAA (JA-79B),Oglala Lakota,1983,6
433100102002101,1991-10-23 12:00:00+00:00,138.5,41N39W19ACAA (JA-79B),Oglala Lakota,1991,10
433100102002101,2007-07-13 12:00:00+00:00,129.5,41N39W19ACAA (JA-79B),Oglala Lakota,2007,7
433100102002101,1995-07-26 12:00:00+00:00,136.8,41N39W19ACAA (JA-79B),Oglala Lakota,1995,7
433100102002101,2002-08-22 12:00:00+00:00,132.1,41N39W19ACAA (JA-79B),Oglala Lakota,2002,8
433100102002101,2013-06-14 12:00:00+00:00,127.3,41N39W19ACAA (JA-79B),Oglala Lakota,2013,6
433100102002101,2021-06-07 19:00:00+00:00,124.07,41N39W19ACAA (JA-79B),Oglala Lakota,2021,6
433100102002101,2021-07-28 19:00:00+00:00,124.2,41N39W19ACAA (JA-79B),Oglala Lakota,2021,7
433100102002101,1987-05-14 12:00:00+00:00,140.2,41N39W19ACAA (JA-79B),Oglala Lakota,1987,5
433100102002101,1998-05-20 12:00:00+00:00,135.2,41N39W19ACAA (JA-79B),Oglala Lakota,1998,5
433100102002101,2025-07-01 02:12:00+00:00,123.18,41N39W19ACAA (JA-79B),Oglala Lakota,2025,7
433100102002101,1981-11-06 12:00:00+00:00,142.1,41N39W19ACAA (JA-79B),Oglala Lakota,1981,11
433100102002101,2017-06-19 12:00:00+00:00,126.31,41N39W19ACAA (JA-79B),Oglala Lakota,2017,6
433100102002101,2006-06-28 12:00:00+00:00,130.0,41N39W19ACAA (JA-79B),Oglala Lakota,2006,6
433100102002101,1993-06-09 12:00:00+00:00,137.6,41N39W19ACAA (JA-79B),Oglala Lakota,1993,6
433100102002101,1987-11-05 12:00:00+00:00,140.1,41N39W19ACAA (JA-79B),Oglala Lakota,1987,11
433100102002101,2011-09-01 12:00:00+00:00,127.3,41N39W19ACAA (JA-79B),Oglala Lakota,2011,9
433100102002101,1989-09-07 12:00:00+00:00,140.6,41N39W19ACAA (JA-79B),Oglala Lakota,1989,9
433100102002101,2001-08-02 12:00:00+00:00,132.8,41N39W19ACAA (JA-79B),Oglala Lakota,2001,8
433100102002101,1998-06-24 12:00:00+00:00,134.9,41N39W19ACAA (JA-79B),Oglala Lakota,1998,6
433100102002101,2000-10-25 12:00:00+00:00,133.4,41N39W19ACAA (JA-79B),Oglala Lakota,2000,10
433100102002101,2008-04-22 12:00:00+00:00,128.8,41N39W19ACAA (JA-79B),Oglala Lakota,2008,4
433100102002101,2004-08-25 12:00:00+00:00,130.7,41N39W19ACAA (JA-79B),Oglala Lakota,2004,8
433100102002101,2004-08-13 12:00:00+00:00,131.0,41N39W19ACAA (JA-79B),Oglala Lakota,2004,8
433100102002101,1983-10-06 12:00:00+00:00,141.5,41N39W19ACAA (JA-79B),Oglala Lakota,1983,10
433100102002101,2014-10-20 12:00:00+00:00,127.0,41N39W19ACAA (JA-79B),Oglala Lakota,2014,10
433100102002101,2004-07-16 12:00:00+00:00,131.1,41N39W19ACAA (JA-79B),Oglala Lakota,2004,7
433100102002101,2009-11-23 12:00:00+00:00,128.4,41N39W19ACAA (JA-79B),Oglala Lakota,2009,11
433100102002101,2006-08-18 12:00:00+00:00,129.8,41N39W19ACAA (JA-79B),Oglala Lakota,2006,8
433100102002101,1995-04-27 12:00:00+00:00,137.0,41N39W19ACAA (JA-79B),Oglala Lakota,1995,4
433100102002101,1992-03-12 12:00:00+00:00,138.4,41N39W19ACAA (JA-79B),Oglala Lakota,1992,3
433100102002101,2013-05-16 12:00:00+00:00,127.4,41N39W19ACAA (JA-79B),Oglala Lakota,2013,5
433100102002101,1993-08-24 12:00:00+00:00,137.5,41N39W19ACAA (JA-79B),Oglala Lakota,1993,8
433100102002101,2003-08-27 12:00:00+00:00,131.4,41N39W19ACAA (JA-79B),Oglala Lakota,2003,8
433100102002101,1985-07-16 12:00:00+00:00,141.1,41N39W19ACAA (JA-79B),Oglala Lakota,1985,7
433100102002101,2016-08-11 12:00:00+00:00,126.0,41N39W19ACAA (JA-79B),Oglala Lakota,2016,8
433100102002101,1997-04-29 12:00:00+00:00,135.7,41N39W19ACAA (JA-79B),Oglala Lakota,1997,4
433100102002101,2014-03-17 12:00:00+00:00,126.8,41N39W19ACAA (JA-79B),Oglala Lakota,2014,3
433100102002101,2023-08-09 23:05:00+00:00,124.07,41N39W19ACAA (JA-79B),Oglala Lakota,2023,8
433100102002101,1996-10-25 12:00:00+00:00,136.0,41N39W19ACAA (JA-79B),Oglala Lakota,1996,10
433100102002101,2002-05-29 12:00:00+00:00,132.2,41N39W19ACAA (JA-79B),Oglala Lakota,2002,5
433100102002101,1989-07-11 12:00:00+00:00,139.5,41N39W19ACAA (JA-79B),Oglala Lakota,1989,7
433100102002101,2010-09-15 12:00:00+00:00,128.0,41N39W19ACAA (JA-79B),Oglala Lakota,2010,9
433100102002101,1999-06-24 12:00:00+00:00,134.3,41N39W19ACAA (JA-79B),Oglala Lakota,1999,6
433100102002101,2013-08-16 12:00:00+00:00,127.2,41N39W19ACAA (JA-79B),Oglala Lakota,2013,8
433100102002101,2005-03-31 12:00:00+00:00,130.5,41N39W19ACAA (JA-79B),Oglala Lakota,2005,3
433100102002101,1994-05-18 12:00:00+00:00,137.2,41N39W19ACAA (JA-79B),Oglala Lakota,1994,5
433100102002101,2015-05-13 12:00:00+00:00,126.6,41N39W19ACAA (JA-79B),Oglala Lakota,2015,5
433100102002101,2008-12-29 12:00:00+00:00,128.6,41N39W19ACAA (JA-79B),Oglala Lakota,2008,12
433100102002101,2008-08-20 12:00:00+00:00,128.8,41N39W19ACAA (JA-79B),Oglala Lakota,2008,8
433100102002101,1982-10-21 12:00:00+00:00,141.9,41N39W19ACAA (JA-79B),Oglala Lakota,1982,10
433100102002101,1987-10-01 12:00:00+00:00,140.2,41N39W19ACAA (JA-79B),Oglala Lakota,1987,10
433100102002101,2007-12-17 12:00:00+00:00,129.3,41N39W19ACAA (JA-79B),Oglala Lakota,2007,12
433100102002101,2011-07-28 12:00:00+00:00,127.3,41N39W19ACAA (JA-79B),Oglala Lakota,2011,7
433100102002101,2015-07-16 12:00:00+00:00,126.2,41N39W19ACAA (JA-79B),Oglala Lakota,2015,7
433100102002101,1986-08-01 12:00:00+00:00,140.6,41N39W19ACAA (JA-79B),Oglala Lakota,1986,8
433100102002101,2021-07-19 19:00:00+00:00,124.27,41N39W19ACAA (JA-79B),Oglala Lakota,2021,7
433100102002101,1980-06-04 12:00:00+00:00,142.3,41N39W19ACAA (JA-79B),Oglala Lakota,1980,6
433100102002101,1995-05-24 12:00:00+00:00,137.0,41N39W19ACAA (JA-79B),Oglala Lakota,1995,5
433100102002101,1994-06-29 12:00:00+00:00,137.2,41N39W19ACAA (JA-79B),Oglala Lakota,1994,6
433100102002101,1994-08-24 12:00:00+00:00,137.0,41N39W19ACAA (JA-79B),Oglala Lakota,1994,8
433100102002101,1997-07-15 12:00:00+00:00,135.5,41N39W19ACAA (JA-79B),Oglala Lakota,1997,7
433100102002101,2004-05-21 12:00:00+00:00,131.1,41N39W19ACAA (JA-79B),Oglala Lakota,2004,5
433100102002101,2023-06-07 19:00:00+00:00,124.22,41N39W19ACAA (JA-79B),Oglala Lakota,2023,6
433100102002101,2001-09-26 12:00:00+00:00,132.7,41N39W19ACAA (JA-79B),Oglala Lakota,2001,9
433100102002101,2018-05-18 12:00:00+00:00,126.46,41N39W19ACAA (JA-79B),Oglala Lakota,2018,5
433100102002101,1987-08-04 12:00:00+00:00,140.0,41N39W19ACAA (JA-79B),Oglala Lakota,1987,8
433100102002101,2019-08-27 12:00:00+00:00,124.39,41N39W19ACAA (JA-79B),Oglala Lakota,2019,8
433100102002101,2008-08-05 12:00:00+00:00,128.8,41N39W19ACAA (JA-79B),Oglala Lakota,2008,8
433100102002101,2008-06-18 12:00:00+00:00,128.9,41N39W19ACAA (JA-79B),Oglala Lakota,2008,6
433100102002101,2022-09-20 19:00:00+00:00,124.25,41N39W19ACAA (JA-79B),Oglala Lakota,2022,9
433100102002101,2013-07-18 12:00:00+00:00,127.3,41N39W19ACAA (JA-79B),Oglala Lakota,2013,7
433100102002101,1986-06-26 12:00:00+00:00,140.4,41N39W19ACAA (JA-79B),Oglala Lakota,1986,6
433100102002101,1991-04-18 12:00:00+00:00,138.7,41N39W19ACAA (JA-79B),Oglala Lakota,1991,4
433100102002101,2010-07-14 12:00:00+00:00,128.0,41N39W19ACAA (JA-79B),Oglala Lakota,2010,7
433100102002101,1983-03-17 12:00:00+00:00,141.4,41N39W19ACAA (JA-79B),Oglala Lakota,1983,3
433100102002101,1993-10-27 12:00:00+00:00,137.7,41N39W19ACAA (JA-79B),Oglala Lakota,1993,10
433100102002101,1997-06-12 12:00:00+00:00,135.6,41N39W19ACAA (JA-79B),Oglala Lakota,1997,6
433100102002101,2010-10-19 12:00:00+00:00,128.1,41N39W19ACAA (JA-79B),Oglala Lakota,2010,10
433100102002101,1994-03-09 12:00:00+00:00,137.3,41N39W19ACAA (JA-79B),Oglala Lakota,1994,3
433100102002101,1993-07-14 12:00:00+00:00,137.7,41N39W19ACAA (JA-79B),Oglala Lakota,1993,7
433100102002101,1989-04-20 12:00:00+00:00,139.3,41N39W19ACAA (JA-79B),Oglala Lakota,1989,4
433100102002101,2017-09-25 12:00:00+00:00,123.58,41N39W19ACAA (JA-79B),Oglala Lakota,2017,9
433100102002101,1989-06-21 12:00:00+00:00,139.2,41N39W19ACAA (JA-79B),Oglala Lakota,1989,6
433100102002101,1999-07-28 12:00:00+00:00,134.3,41N39W19ACAA (JA-79B),Oglala Lakota,1999,7
433100102002101,2016-07-07 12:00:00+00:00,128.68,41N39W19ACAA (JA-79B),Oglala Lakota,2016,7
433100102002101,1989-11-02 12:00:00+00:00,139.2,41N39W19ACAA (JA-79B),Oglala Lakota,1989,11
433100102002101,1988-10-06 12:00:00+00:00,139.9,41N39W19ACAA (JA-79B),Oglala Lakota,1988,10
433100102002101,1991-07-25 12:00:00+00:00,138.9,41N39W19ACAA (JA-79B),Oglala Lakota,1991,7
433100102002101,1984-08-07 12:00:00+00:00,141.5,41N39W19ACAA (JA-79B),Oglala Lakota,1984,8
433100102002101,2022-07-28 19:00:00+00:00,123.62,41N39W19ACAA (JA-79B),Oglala Lakota,2022,7
433100102002101,2005-07-14 12:00:00+00:00,130.4,41N39W19ACAA (JA-79B),Oglala Lakota,2005,7
433100102002101,1990-06-27 12:00:00+00:00,139.0,41N39W19ACAA (JA-79B),Oglala Lakota,1990,6
433100102002101,1987-06-17 12:00:00+00:00,140.3,41N39W19ACAA (JA-79B),Oglala Lakota,1987,6
433100102002101,1993-05-12 12:00:00+00:00,137.9,41N39W19ACAA (JA-79B),Oglala Lakota,1993,5
433100102002101,2001-05-16 12:00:00+00:00,132.7,41N39W19ACAA (JA-79B),Oglala Lakota,2001,5
433100102002101,2007-11-27 12:00:00+00:00,129.4,41N39W19ACAA (JA-79B),Oglala Lakota,2007,11
433100102002101,2006-06-08 12:00:00+00:00,129.9,41N39W19ACAA (JA-79B),Oglala Lakota,2006,6
433100102002101,1987-04-09 12:00:00+00:00,140.4,41N39W19ACAA (JA-79B),Oglala Lakota,1987,4
433100102002101,2011-10-17 12:00:00+00:00,127.5,41N39W19ACAA (JA-79B),Oglala Lakota,2011,10
433100102002101,1981-05-21 12:00:00+00:00,142.4,41N39W19ACAA (JA-79B),Oglala Lakota,1981,5
433100102002101,1982-07-29 12:00:00+00:00,142.1,41N39W19ACAA (JA-79B),Oglala Lakota,1982,7
433100102002101,1990-05-24 12:00:00+00:00,138.9,41N39W19ACAA (JA-79B),Oglala Lakota,1990,5
433100102002101,1995-08-30 12:00:00+00:00,136.9,41N39W19ACAA (JA-79B),Oglala Lakota,1995,8
433100102002101,2006-07-19 12:00:00+00:00,129.9,41N39W19ACAA (JA-79B),Oglala Lakota,2006,7
433100102002101,2007-10-30 12:00:00+00:00,129.4,41N39W19ACAA (JA-79B),Oglala Lakota,2007,10
433100102002101,2007-06-13 12:00:00+00:00,129.5,41N39W19ACAA (JA-79B),Oglala Lakota,2007,6
433100102002101,2012-05-08 12:00:00+00:00,127.4,41N39W19ACAA (JA-79B),Oglala Lakota,2012,5
433100102002101,2018-06-06 12:00:00+00:00,125.42,41N39W19ACAA (JA-79B),Oglala Lakota,2018,6
433100102002101,2015-08-26 12:00:00+00:00,126.3,41N39W19ACAA (JA-79B),Oglala Lakota,2015,8
433100102002101,1980-05-08 12:00:00+00:00,142.6,41N39W19ACAA (JA-79B),Oglala Lakota,1980,5
433100102002101,2007-08-10 12:00:00+00:00,129.3,41N39W19ACAA (JA-79B),Oglala Lakota,2007,8
433100102002101,2005-11-15 12:00:00+00:00,130.2,41N39W19ACAA (JA-79B),Oglala Lakota,2005,11
433100102002101,2019-08-12 12:00:00+00:00,124.42,41N39W19ACAA (JA-79B),Oglala Lakota,2019,8
433100102002101,1988-08-10 12:00:00+00:00,139.6,41N39W19ACAA (JA-79B),Oglala Lakota,1988,8
433100102002101,1983-05-24 12:00:00+00:00,141.3,41N39W19ACAA (JA-79B),Oglala Lakota,1983,5
433100102002101,1998-09-11 12:00:00+00:00,134.9,41N39W19ACAA (JA-79B),Oglala Lakota,1998,9
433100102002101,2025-06-12 01:35:00+00:00,124.2,41N39W19ACAA (JA-79B),Oglala Lakota,2025,6
433100102002101,1985-10-03 12:00:00+00:00,140.8,41N39W19ACAA (JA-79B),Oglala Lakota,1985,10
433100102002101,2005-05-18 12:00:00+00:00,130.2,41N39W19ACAA (JA-79B),Oglala Lakota,2005,5
433100102002101,1992-04-29 12:00:00+00:00,138.5,41N39W19ACAA (JA-79B),Oglala Lakota,1992,4
433100102002101,1990-11-29 12:00:00+00:00,138.8,41N39W19ACAA (JA-79B),Oglala Lakota,1990,11
433100102002101,1984-09-27 12:00:00+00:00,141.1,41N39W19ACAA (JA-79B),Oglala Lakota,1984,9
433100102002101,2001-11-07 12:00:00+00:00,132.8,41N39W19ACAA (JA-79B),Oglala Lakota,2001,11
433100102002101,1998-11-18 12:00:00+00:00,134.7,41N39W19ACAA (JA-79B),Oglala Lakota,1998,11
433100102002101,1988-04-14 12:00:00+00:00,139.9,41N39W19ACAA (JA-79B),Oglala Lakota,1988,4
433100102002101,2016-06-13 12:00:00+00:00,126.07,41N39W19ACAA (JA-79B),Oglala Lakota,2016,6
433100102002101,2001-08-30 12:00:00+00:00,132.7,41N39W19ACAA (JA-79B),Oglala Lakota,2001,8
433100102002101,2015-06-23 12:00:00+00:00,126.3,41N39W19ACAA (JA-79B),Oglala Lakota,2015,6
433100102002101,1983-04-27 12:00:00+00:00,141.4,41N39W19ACAA (JA-79B),Oglala Lakota,1983,4
433100102002101,1996-04-12 12:00:00+00:00,136.4,41N39W19ACAA (JA-79B),Oglala Lakota,1996,4
433100102002101,1987-07-27 12:00:00+00:00,140.4,41N39W19ACAA (JA-79B),Oglala Lakota,1987,7
433100102002101,1996-07-30 12:00:00+00:00,136.5,41N39W19ACAA (JA-79B),Oglala Lakota,1996,7
433100102002101,2003-11-17 12:00:00+00:00,131.0,41N39W19ACAA (JA-79B),Oglala Lakota,2003,11
433100102002101,1997-03-12 12:00:00+00:00,135.9,41N39W19ACAA (JA-79B),Oglala Lakota,1997,3
433100102002101,1981-08-27 12:00:00+00:00,141.9,41N39W19ACAA (JA-79B),Oglala Lakota,1981,8
433100102002101,2002-03-13 12:00:00+00:00,132.3,41N39W19ACAA (JA-79B),Oglala Lakota,2002,3
433100102002101,1999-08-12 12:00:00+00:00,134.0,41N39W19ACAA (JA-79B),Oglala Lakota,1999,8
433100102002101,1999-04-21 12:00:00+00:00,134.5,41N39W19ACAA (JA-79B),Oglala Lakota,1999,4
433100102002101,1998-07-30 12:00:00+00:00,135.2,41N39W19ACAA (JA-79B),Oglala Lakota,1998,7
433100102002101,1995-09-27 12:00:00+00:00,136.9,41N39W19ACAA (JA-79B),Oglala Lakota,1995,9
433100102002101,1992-09-02 12:00:00+00:00,138.3,41N39W19ACAA (JA-79B),Oglala Lakota,1992,9
433100102002101,1993-09-15 12:00:00+00:00,137.5,41N39W19ACAA (JA-79B),Oglala Lakota,1993,9
433100102002101,2009-08-04 12:00:00+00:00,128.5,41N39W19ACAA (JA-79B),Oglala Lakota,2009,8
433100102002101,2010-05-17 12:00:00+00:00,128.2,41N39W19ACAA (JA-79B),Oglala Lakota,2010,5
433100102002101,2001-06-28 12:00:00+00:00,132.8,41N39W19ACAA (JA-79B),Oglala Lakota,2001,6
433100102002101,2004-11-12 12:00:00+00:00,130.9,41N39W19ACAA (JA-79B),Oglala Lakota,2004,11
433100102002101,2001-03-28 12:00:00+00:00,132.9,41N39W19ACAA (JA-79B),Oglala Lakota,2001,3
433100102002101,1982-08-18 12:00:00+00:00,141.9,41N39W19ACAA (JA-79B),Oglala Lakota,1982,8
433100102002101,1984-05-24 12:00:00+00:00,141.7,41N39W19ACAA (JA-79B),Oglala Lakota,1984,5
433100102002101,2009-09-28 12:00:00+00:00,128.5,41N39W19ACAA (JA-79B),Oglala Lakota,2009,9
433100102002101,1984-07-10 12:00:00+00:00,140.8,41N39W19ACAA (JA-79B),Oglala Lakota,1984,7
433100102002101,2022-06-30 19:00:00+00:00,122.36,41N39W19ACAA (JA-79B),Oglala Lakota,2022,6
433100102002101,2010-08-10 12:00:00+00:00,127.9,41N39W19ACAA (JA-79B),Oglala Lakota,2010,8
433100102002101,1992-09-30 12:00:00+00:00,138.4,41N39W19ACAA (JA-79B),Oglala Lakota,1992,9
433100102002101,2018-05-07 12:00:00+00:00,126.1,41N39W19ACAA (JA-79B),Oglala Lakota,2018,5
433100102002101,1994-08-02 12:00:00+00:00,137.2,41N39W19ACAA (JA-79B),Oglala Lakota,1994,8
433100102002101,1990-10-03 12:00:00+00:00,138.9,41N39W19ACAA (JA-79B),Oglala Lakota,1990,10
433100102002101,2009-02-09 12:00:00+00:00,128.4,41N39W19ACAA (JA-79B),Oglala Lakota,2009,2
433100102002101,1997-08-20 12:00:00+00:00,135.6,41N39W19ACAA (JA-79B),Oglala Lakota,1997,8
433100102002101,1980-07-17 12:00:00+00:00,142.4,41N39W19ACAA (JA-79B),Oglala Lakota,1980,7
433100102002101,2015-06-01 12:00:00+00:00,126.6,41N39W19ACAA (JA-79B),Oglala Lakota,2015,6
433100102002101,1988-05-19 12:00:00+00:00,140.8,41N39W19ACAA (JA-79B),Oglala Lakota,1988,5
433100102002101,1980-11-17 12:00:00+00:00,142.9,41N39W19ACAA (JA-79B),Oglala Lakota,1980,11
433100102002101,2008-10-14 12:00:00+00:00,128.9,41N39W19ACAA (JA-79B),Oglala Lakota,2008,10
433100102002101,1982-03-10 12:00:00+00:00,141.9,41N39W19ACAA (JA-79B),Oglala Lakota,1982,3
433100102002101,1996-09-23 12:00:00+00:00,136.3,41N39W19ACAA (JA-79B),Oglala Lakota,1996,9
433100102002101,1981-04-09 12:00:00+00:00,142.3,41N39W19ACAA (JA-79B),Oglala Lakota,1981,4
433100102002101,1982-06-09 12:00:00+00:00,142.0,41N39W19ACAA (JA-79B),Oglala Lakota,1982,6
433100102002101,2021-08-11 19:00:00+00:00,124.19,41N39W19ACAA (JA-79B),Oglala Lakota,2021,8
433100102002101,2007-05-18 12:00:00+00:00,129.6,41N39W19ACAA (JA-79B),Oglala Lakota,2007,5
433100102002101,1999-09-22 12:00:00+00:00,134.4,41N39W19ACAA (JA-79B),Oglala Lakota,1999,9
433100102002101,1989-06-01 12:00:00+00:00,139.6,41N39W19ACAA (JA-79B),Oglala Lakota,1989,6
433100102002101,1999-08-25 12:00:00+00:00,134.3,41N39W19ACAA (JA-79B),Oglala Lakota,1999,8
433100102002101,2005-10-09 12:00:00+00:00,130.1,41N39W19ACAA (JA-79B),Oglala Lakota,2005,10
433100102002101,2015-08-06 12:00:00+00:00,126.3,41N39W19ACAA (JA-79B),Oglala Lakota,2015,8
433100102002101,2002-10-01 12:00:00+00:00,132.0,41N39W19ACAA (JA-79B),Oglala Lakota,2002,10
433100102002101,1986-03-27 12:00:00+00:00,140.8,41N39W19ACAA (JA-79B),Oglala Lakota,1986,3
433100102002101,2009-12-21 12:00:00+00:00,128.3,41N39W19ACAA (JA-79B),Oglala Lakota,2009,12
433100102002101,2016-09-26 12:00:00+00:00,126.12,41N39W19ACAA (JA-79B),Oglala Lakota,2016,9
433100102002101,2015-03-09 12:00:00+00:00,126.9,41N39W19ACAA (JA-79B),Oglala Lakota,2015,3
433100102002101,2003-07-22 12:00:00+00:00,131.6,41N39W19ACAA (JA-79B),Oglala Lakota,2003,7
433100102002101,2000-08-17 12:00:00+00:00,133.7,41N39W19ACAA (JA-79B),Oglala Lakota,2000,8
433100102002101,1994-04-13 12:00:00+00:00,137.3,41N39W19ACAA (JA-79B),Oglala Lakota,1994,4
433100102002101,2008-03-17 12:00:00+00:00,128.9,41N39W19ACAA (JA-79B),Oglala Lakota,2008,3
433100102002101,2008-07-22 12:00:00+00:00,128.8,41N39W19ACAA (JA-79B),Oglala Lakota,2008,7
433100102002101,2000-07-08 12:00:00+00:00,133.5,41N39W19ACAA (JA-79B),Oglala Lakota,2000,7
433100102002101,1999-10-27 12:00:00+00:00,134.3,41N39W19ACAA (JA-79B),Oglala Lakota,1999,10
433100102002101,1995-06-28 12:00:00+00:00,137.0,41N39W19ACAA (JA-79B),Oglala Lakota,1995,6
433100102002101,2021-06-23 19:00:00+00:00,124.11,41N39W19ACAA (JA-79B),Oglala Lakota,2021,6
433100102002101,1997-10-01 12:00:00+00:00,135.5,41N39W19ACAA (JA-79B),Oglala Lakota,1997,10
433100102002101,2000-05-12 12:00:00+00:00,133.5,41N39W19ACAA (JA-79B),Oglala Lakota,2000,5
433100102002101,1984-04-23 12:00:00+00:00,141.3,41N39W19ACAA (JA-79B),Oglala Lakota,1984,4
433100102002101,2009-07-09 12:00:00+00:00,128.3,41N39W19ACAA (JA-79B),Oglala Lakota,2009,7
433100102002101,2018-07-19 12:00:00+00:00,125.35,41N39W19ACAA (JA-79B),Oglala Lakota,2018,7
433100102002101,2016-07-25 12:00:00+00:00,126.08,41N39W19ACAA (JA-79B),Oglala Lakota,2016,7
433100102002101,2012-08-28 12:00:00+00:00,127.8,41N39W19ACAA (JA-79B),Oglala Lakota,2012,8
433100102002101,2017-08-21 12:00:00+00:00,123.79,41N39W19ACAA (JA-79B),Oglala Lakota,2017,8
433100102002101,1992-05-28 12:00:00+00:00,138.6,41N39W19ACAA (JA-79B),Oglala Lakota,1992,5
433100102002101,2017-07-17 12:00:00+00:00,127.21,41N39W19ACAA (JA-79B),Oglala Lakota,2017,7
433100102002101,2000-04-04 12:00:00+00:00,133.8,41N39W19ACAA (JA-79B),Oglala Lakota,2000,4
433100102002101,2005-08-10 12:00:00+00:00,130.3,41N39W19ACAA (JA-79B),Oglala Lakota,2005,8
433100102002101,2002-06-28 12:00:00+00:00,132.1,41N39W19ACAA (JA-79B),Oglala Lakota,2002,6
433100102002101,2004-03-24 12:00:00+00:00,131.1,41N39W19ACAA (JA-79B),Oglala Lakota,2004,3
433100102002101,1999-05-17 12:00:00+00:00,134.5,41N39W19ACAA (JA-79B),Oglala Lakota,1999,5
433100102002101,2024-07-30 23:22:00+00:00,123.96,41N39W19ACAA (JA-79B),Oglala Lakota,2024,7
433100102002101,1985-08-07 12:00:00+00:00,140.8,41N39W19ACAA (JA-79B),Oglala Lakota,1985,8
433100102002101,2024-09-10 01:35:00+00:00,124.11,41N39W19ACAA (JA-79B),Oglala Lakota,2024,9
433100102002101,2009-05-06 12:00:00+00:00,128.3,41N39W19ACAA (JA-79B),Oglala Lakota,2009,5
433100102002101,2009-06-01 12:00:00+00:00,128.5,41N39W19ACAA (JA-79B),Oglala Lakota,2009,6
433100102002101,1981-12-22 12:00:00+00:00,141.6,41N39W19ACAA (JA-79B),Oglala Lakota,1981,12
433100102002101,1991-06-13 12:00:00+00:00,138.7,41N39W19ACAA (JA-79B),Oglala Lakota,1991,6
433100102002101,2002-04-23 12:00:00+00:00,132.2,41N39W19ACAA (JA-79B),Oglala Lakota,2002,4
433100102002101,1985-06-19 12:00:00+00:00,141.4,41N39W19ACAA (JA-79B),Oglala Lakota,1985,6
433100102002101,1992-07-29 12:00:00+00:00,138.5,41N39W19ACAA (JA-79B),Oglala Lakota,1992,7
433100102002101,2008-09-17 12:00:00+00:00,128.9,41N39W19ACAA (JA-79B),Oglala Lakota,2008,9
433100102002101,2019-06-10 12:00:00+00:00,124.21,41N39W19ACAA (JA-79B),Oglala Lakota,2019,6
433100102002101,2010-11-11 12:00:00+00:00,128.1,41N39W19ACAA (JA-79B),Oglala Lakota,2010,11
433100102002101,2007-09-07 12:00:00+00:00,129.4,41N39W19ACAA (JA-79B),Oglala Lakota,2007,9
433100102002101,2018-06-27 12:00:00+00:00,125.21,41N39W19ACAA (JA-79B),Oglala Lakota,2018,6
433100102002101,2007-10-02 12:00:00+00:00,129.3,41N39W19ACAA (JA-79B),Oglala Lakota,2007,10
433100102002101,1990-08-10 12:00:00+00:00,139.1,41N39W19ACAA (JA-79B),Oglala Lakota,1990,8
433100102002101,1997-12-03 12:00:00+00:00,135.4,41N39W19ACAA (JA-79B),Oglala Lakota,1997,12
433100102002101,2002-07-25 12:00:00+00:00,132.1,41N39W19ACAA (JA-79B),Oglala Lakota,2002,7
433100102002101,1986-12-17 12:00:00+00:00,140.8,41N39W19ACAA (JA-79B),Oglala Lakota,1986,12
433100102002101,2009-03-19 12:00:00+00:00,128.6,41N39W19ACAA (JA-79B),Oglala Lakota,2009,3
433100102002101,2012-07-25 12:00:00+00:00,127.2,41N39W19ACAA (JA-79B),Oglala Lakota,2012,7
433100102002101,2017-04-26 12:00:00+00:00,125.6,41N39W19ACAA (JA-79B),Oglala Lakota,2017,4
433100102002101,1989-08-17 12:00:00+00:00,140.8,41N39W19ACAA (JA-79B),Oglala Lakota,1989,8
433100102002101,1983-07-28 12:00:00+00:00,141.9,41N39W19ACAA (JA-79B),Oglala Lakota,1983,7
433100102002101,2010-06-16 12:00:00+00:00,127.9,41N39W19ACAA (JA-79B),Oglala Lakota,2010,6
433100102002101,1991-05-16 12:00:00+00:00,138.7,41N39W19ACAA (JA-79B),Oglala Lakota,1991,5
433100102002101,2009-09-03 12:00:00+00:00,128.6,41N39W19ACAA (JA-79B),Oglala Lakota,2009,9
433100102002101,1984-06-11 12:00:00+00:00,141.4,41N39W19ACAA (JA-79B),Oglala Lakota,1984,6
433100102002101,1991-08-14 12:00:00+00:00,138.8,41N39W19ACAA (JA-79B),Oglala Lakota,1991,8
433100102002101,2013-09-27 12:00:00+00:00,127.2,41N39W19ACAA (JA-79B),Oglala Lakota,2013,9
433100102002101,2003-06-24 12:00:00+00:00,131.5,41N39W19ACAA (JA-79B),Oglala Lakota,2003,6
